-- phpMyAdmin SQL Dump
-- version 4.8.4
-- https://www.phpmyadmin.net/
--
-- Хост: 127.0.0.1
-- Время создания: Июл 10 2019 г., 13:15
-- Версия сервера: 5.6.17
-- Версия PHP: 5.5.12

SET SQL_MODE = "NO_AUTO_VALUE_ON_ZERO";
SET AUTOCOMMIT = 0;
START TRANSACTION;
SET time_zone = "+00:00";


/*!40101 SET @OLD_CHARACTER_SET_CLIENT=@@CHARACTER_SET_CLIENT */;
/*!40101 SET @OLD_CHARACTER_SET_RESULTS=@@CHARACTER_SET_RESULTS */;
/*!40101 SET @OLD_COLLATION_CONNECTION=@@COLLATION_CONNECTION */;
/*!40101 SET NAMES utf8mb4 */;

--
-- База данных: `wetkom`
--

-- --------------------------------------------------------

--
-- Структура таблицы `message`
--

CREATE TABLE `message` (
  `id` int(11) NOT NULL DEFAULT '0',
  `language` varchar(16) NOT NULL DEFAULT '',
  `translation` text
) ENGINE=InnoDB DEFAULT CHARSET=utf8;

--
-- Дамп данных таблицы `message`
--

INSERT INTO `message` (`id`, `language`, `translation`) VALUES
(1, 'ru', 'Главное окно'),
(1, 'uz', 'Бош ойна'),
(3, 'ru', 'Домашняя страница'),
(3, 'uz', 'Бош саҳифа'),
(4, 'ru', 'Человеческий ресурс'),
(4, 'uz', 'Инсон ресурси'),
(5, 'ru', 'E-документ'),
(5, 'uz', 'Е-доc'),
(6, 'ru', 'Работник'),
(6, 'uz', 'Ходим'),
(7, 'ru', 'Добавить'),
(7, 'uz', 'Қўшиш'),
(8, 'ru', 'Список'),
(8, 'uz', 'Рўйхат'),
(9, 'ru', 'Редактировать'),
(9, 'uz', 'Таҳрирлаш'),
(10, 'ru', 'Бизнес книги'),
(10, 'uz', 'Иш дафтарчаси'),
(11, 'ru', 'Документ'),
(11, 'uz', 'Ҳужжат'),
(12, 'ru', 'Входящий'),
(12, 'uz', 'Кирувчи'),
(13, 'ru', 'Исходящие'),
(13, 'uz', 'Чиқувчи'),
(14, 'ru', 'Поручения'),
(14, 'uz', 'Буюртма'),
(16, 'ru', 'Служеб. записки'),
(16, 'uz', 'Эслатмалар'),
(17, 'ru', 'Приказы'),
(17, 'uz', 'Фармон'),
(18, 'ru', 'Все'),
(18, 'uz', 'Ҳаммаси'),
(20, 'ru', 'Календарь'),
(20, 'uz', 'Календар'),
(21, 'ru', 'Пользователи'),
(21, 'uz', 'Фойдаланувчилар'),
(23, 'ru', 'Войдите в свой аккаунт'),
(23, 'uz', 'Ҳисобингизга киринг'),
(24, 'ru', 'Я забыл свой пароль'),
(24, 'uz', 'Мен паролни унутганман'),
(25, 'ru', 'Запомнить меня'),
(25, 'uz', 'Мени еслаб қол'),
(26, 'ru', 'Количество неудачных попыток ограничено'),
(26, 'uz', 'Нотоўғри уринишлар сони чекланган'),
(28, 'ru', 'Войти'),
(28, 'uz', 'Кириш'),
(29, 'ru', 'инфо'),
(29, 'uz', 'инфо'),
(31, 'ru', 'Общая информация'),
(31, 'uz', 'Умумий ҳолати'),
(32, 'ru', 'Редактировать профиль'),
(32, 'uz', 'Профилни таҳрирлаш'),
(33, 'ru', 'Ваша история в системе'),
(33, 'uz', 'Тизимдаги тарихингиз'),
(34, 'ru', 'Отдел'),
(34, 'uz', 'Бўлим'),
(36, 'ru', 'Последнее вход в системе'),
(36, 'uz', 'Охирги кирган'),
(37, 'ru', 'Должность'),
(37, 'uz', 'Обйект'),
(38, 'ru', 'Причиной этой ошибки, возможно: страница не найдена или эта часть системы находится в конструкций'),
(38, 'uz', 'Ушбу хатонинг сабаби, еҳтимол: саҳифа топилмади ёки тизимнинг ушбу қисми қурилишлар остида'),
(39, 'ru', 'Пожалуйста, свяжитесь с нами, если вы думаете, что это ошибка сервера. Спасибо.'),
(39, 'uz', 'Агар бу сервер хатоси деб ҳисобласангиз, биз билан боғланинг. Раҳмат.'),
(40, 'ru', 'Страница не найдена.'),
(40, 'uz', 'Топилмади'),
(41, 'ru', 'Введите здесь сообщение.'),
(41, 'uz', 'Бу йерда хабар ёзинг'),
(42, 'ru', 'Вы не можете дать больше, чем один поручение для одного пользователя из одного документа.'),
(42, 'uz', 'Битта ҳужжатдан битта фойдаланувчи учун бир нечта буюртма беришингиз мумкин емас'),
(43, 'ru', 'Контактная информация'),
(43, 'uz', 'Боғланиш учун маълумот'),
(44, 'ru', 'Дополнительная информация'),
(44, 'uz', 'Қўшимча маълумот'),
(45, 'ru', 'Главная Информация'),
(45, 'uz', 'Асосий маълумотлар'),
(46, 'ru', 'Ваши роли в системе'),
(46, 'uz', 'Тизимдаги роллар'),
(47, 'ru', 'Увольнен'),
(47, 'uz', 'Тайёрламоқ'),
(48, 'ru', 'Работает'),
(48, 'uz', 'Ишлаш'),
(49, 'ru', 'Основная информация'),
(49, 'uz', 'Асосий маълумотлар'),
(50, 'ru', 'Информация о месте рождения'),
(50, 'uz', 'Тугилган жойи'),
(51, 'ru', 'Информация о месте рождения'),
(51, 'uz', 'Паспорт ҳақида маълумот'),
(52, 'ru', 'Официальный адрес'),
(52, 'uz', 'Расмий манзил'),
(53, 'ru', 'Место жительства'),
(53, 'uz', 'Яшаш жойи'),
(54, 'ru', 'Техническая поддержка'),
(54, 'uz', 'Техник қўллаб-қувватлаш'),
(55, 'ru', 'Экран блокировки'),
(55, 'uz', 'Экранни қулфлаш'),
(56, 'ru', 'Выйти'),
(56, 'uz', 'Чикиш'),
(58, 'ru', 'Мой профиль'),
(58, 'uz', 'Менинг профилим'),
(59, 'ru', 'Имя пользователя'),
(59, 'uz', 'Фойдаланувчи номи'),
(60, 'ru', 'Пароль'),
(60, 'uz', 'Парол'),
(61, 'ru', 'Имя базы данных'),
(61, 'uz', 'Маълумотлар базаси номи'),
(62, 'ru', 'Обновить'),
(62, 'uz', 'Янгилаш'),
(63, 'ru', 'Главная папка'),
(63, 'uz', 'Асосий папка'),
(64, 'ru', 'порт'),
(64, 'uz', 'порт'),
(66, 'ru', 'IP- адрес'),
(66, 'uz', 'ИП манзил'),
(68, 'ru', 'Адрес сайта'),
(68, 'uz', 'Сайт манзили'),
(69, 'ru', 'Подтвердите Пароль'),
(69, 'uz', 'Паролни тасдиқланг'),
(71, 'ru', 'Файлы'),
(71, 'uz', 'Файллар'),
(72, 'ru', 'Профиль'),
(72, 'uz', 'Профил'),
(73, 'ru', 'Ваша история'),
(73, 'uz', 'Сизнинг тарихингиз'),
(75, 'ru', 'Ваш календарь'),
(75, 'uz', 'Менинг тақвимим'),
(76, 'ru', 'Конфигурация'),
(76, 'uz', 'Конфигурация'),
(78, 'ru', 'Категории'),
(78, 'uz', 'Категорялар'),
(79, 'ru', 'Ошибка'),
(79, 'uz', 'Ҳато'),
(80, 'ru', 'Поручения'),
(80, 'uz', 'Буйуртма'),
(81, 'ru', 'Статистика'),
(81, 'uz', 'Статистика'),
(82, 'ru', 'Расширенный поиск'),
(82, 'uz', 'Кенгайтирилган қидирув'),
(83, 'ru', 'Добавлен'),
(83, 'uz', 'Қўшилди'),
(84, 'ru', 'Док.№'),
(84, 'uz', 'Док.№'),
(85, 'ru', 'Рег.дата'),
(85, 'uz', 'Рег.дата'),
(86, 'ru', 'Информация'),
(86, 'uz', 'Информация'),
(87, 'ru', 'Файл'),
(87, 'uz', 'Файл'),
(88, 'ru', 'Согласовано'),
(88, 'uz', 'Келишди'),
(89, 'ru', 'Основании'),
(89, 'uz', 'Асосланган'),
(90, 'ru', 'Руководство'),
(90, 'uz', 'Йитакчи'),
(92, 'ru', 'Дата добавления'),
(92, 'uz', 'Қўшилган сана'),
(93, 'ru', 'Название'),
(93, 'uz', 'Номи'),
(94, 'ru', 'Поиск'),
(94, 'uz', 'Қидириш'),
(95, 'ru', 'Подробно'),
(95, 'uz', 'Батафсил'),
(96, 'ru', 'Заглавие'),
(96, 'uz', 'Сарлавҳа'),
(97, 'ru', 'Переводы'),
(97, 'uz', 'Таржималар'),
(98, 'ru', 'Действия'),
(98, 'uz', 'Амаллар'),
(99, 'ru', 'НАЗАД'),
(99, 'uz', 'ОРТГА'),
(100, 'ru', 'Bce'),
(100, 'uz', 'Ҳаммаси'),
(101, 'ru', 'Добавить новое'),
(101, 'uz', 'Янги қўшиш'),
(102, 'ru', 'Pайоны'),
(102, 'uz', 'Ҳудудлар'),
(103, 'ru', 'Область'),
(103, 'uz', 'Минтақа'),
(104, 'ru', 'Город'),
(104, 'uz', 'Шаҳар'),
(105, 'ru', 'Ваксина'),
(105, 'uz', 'Ваксина'),
(106, 'ru', 'Тип вакцины'),
(106, 'uz', 'Эмлаш тури'),
(107, 'ru', 'Е. измерения'),
(107, 'uz', 'Бирлик'),
(108, 'ru', 'Животное'),
(108, 'uz', 'Ҳайвон'),
(109, 'ru', 'Тип животных'),
(109, 'uz', 'Ҳайвонлар тури'),
(110, 'ru', 'Животный цвет'),
(110, 'uz', 'Ҳайвоннинг ранги'),
(111, 'ru', 'Животные'),
(111, 'uz', 'Ҳайвонлар'),
(112, 'ru', 'Болезнь'),
(112, 'uz', 'Касаллик'),
(113, 'ru', 'Тип заболевания'),
(113, 'uz', 'Касаллик тури'),
(114, 'ru', 'Прибытие'),
(114, 'uz', 'Келиши'),
(115, 'ru', 'Реестр'),
(115, 'uz', 'Реестр'),
(116, 'ru', 'Оповещение'),
(116, 'uz', 'Билдиришнома'),
(117, 'ru', 'Панель управления'),
(117, 'uz', 'Бошқарув ускунаси'),
(118, 'ru', 'Главный'),
(118, 'uz', 'Асосий'),
(119, 'ru', 'Модули'),
(119, 'uz', 'Модуллар'),
(120, 'ru', 'Недостаточно баланса в запасах и расходах'),
(120, 'uz', 'Инвентаризация ва инвентаризация харажатларида мувозанат етарли емас'),
(121, 'ru', 'Не может быть ноль'),
(121, 'uz', 'Нол бўлиши мумкин емас'),
(122, 'ru', 'Название лекарства'),
(122, 'uz', 'Дори номи'),
(123, 'ru', 'Создань'),
(123, 'uz', 'Яратинг'),
(124, 'ru', 'Статус'),
(124, 'uz', 'Ҳолат'),
(125, 'ru', 'Добавить препарат'),
(125, 'uz', 'Дори қўшиш'),
(126, 'ru', 'Название цвета'),
(126, 'uz', 'Ранг номи'),
(127, 'ru', 'Название региона'),
(127, 'uz', 'Ҳудуд номи'),
(128, 'ru', 'Добавить регион'),
(128, 'uz', 'Ҳудудни қўшиш'),
(129, 'ru', 'Название вакцины'),
(129, 'uz', 'Эмлаш номи'),
(130, 'ru', 'Тип лекарства'),
(130, 'uz', 'Дори тури'),
(131, 'ru', 'Доза'),
(131, 'uz', 'Доза'),
(132, 'ru', 'Добавить вакцину'),
(132, 'uz', 'Эмлашни қўшинг'),
(133, 'ru', 'Типы лекарств'),
(133, 'uz', 'Дори турлари'),
(134, 'ru', 'Название объекта'),
(134, 'uz', 'Бирлик номи'),
(135, 'ru', 'Добавить единиц'),
(135, 'uz', 'Бирлик қўшиш'),
(136, 'ru', 'Добавить цвет'),
(136, 'uz', 'Ранги қўшиш'),
(137, 'ru', 'Имя животного'),
(137, 'uz', 'Ҳайвон номи'),
(138, 'ru', 'Цвет'),
(138, 'uz', 'Ранг'),
(139, 'ru', 'Типы животных'),
(139, 'uz', 'Ҳайвон турлари'),
(140, 'ru', 'Добавить животное'),
(140, 'uz', 'Ҳайвон қўшиш'),
(141, 'ru', 'Добавить болезнь'),
(141, 'uz', 'Касаллик қўшинг'),
(142, 'ru', 'Название болезни'),
(142, 'uz', 'Касаллик номи'),
(143, 'ru', 'Типы заболеваний'),
(143, 'uz', 'Касаллик турлари'),
(144, 'ru', 'Название '),
(144, 'uz', 'Кирим номи'),
(145, 'ru', 'Номер прибытия'),
(145, 'uz', 'Вақт рақами'),
(146, 'ru', 'Вакцина'),
(146, 'uz', 'Эмлаш'),
(147, 'ru', 'Количество'),
(147, 'uz', 'Сони'),
(148, 'ru', 'Остаток'),
(148, 'uz', 'Қолган'),
(149, 'ru', 'Добавить новый'),
(149, 'uz', 'Янги қўшиш'),
(150, 'ru', 'Тип деятельности'),
(150, 'uz', 'Фаолиятни киритинг'),
(151, 'ru', 'Адрес'),
(151, 'uz', 'Манзил'),
(152, 'ru', 'ИНН'),
(152, 'uz', 'ИНН'),
(153, 'ru', 'Специальный код'),
(153, 'uz', 'Махсус код'),
(154, 'ru', 'Значение'),
(154, 'uz', 'Қиймат'),
(155, 'ru', 'Группы'),
(155, 'uz', 'Гуруҳлар'),
(156, 'ru', 'Kонфигурация'),
(156, 'uz', 'Конфигурация'),
(157, 'ru', 'Кодовое имя'),
(157, 'uz', 'Код номи'),
(158, 'ru', 'Дата создания'),
(158, 'uz', 'Яратиш санаси'),
(159, 'ru', 'ФИО'),
(159, 'uz', 'ФИО'),
(160, 'ru', 'Телефон'),
(160, 'uz', 'Телефон'),
(161, 'ru', 'Роль'),
(161, 'uz', 'Роли'),
(162, 'ru', 'Зарегистрированный'),
(162, 'uz', 'Рўйхатга олинган'),
(163, 'ru', 'Добавить нового пользователя'),
(163, 'uz', 'Янги фойдаланувчи қўшиш'),
(164, 'ru', 'Название на русском'),
(164, 'uz', 'Русча номи'),
(165, 'ru', 'Название на узбекском'),
(165, 'uz', 'Ўзбекча номи'),
(166, 'ru', 'Препарат'),
(166, 'uz', 'Дори'),
(167, 'ru', 'Отмена'),
(167, 'uz', 'Бекор қилиш'),
(168, 'ru', 'Уверены ли вы?'),
(168, 'uz', 'Ишончингиз комилми?'),
(169, 'ru', 'Удалять'),
(169, 'uz', 'Ўчириш'),
(170, 'ru', 'Вы не сможете восстановить эту информацию!'),
(170, 'uz', 'Сиз ушбу ўчирилган маълумотни тиклай олмайсиз!'),
(171, 'ru', 'Там вы можете управлять группами'),
(171, 'uz', 'Бу ерда сиз гуруҳларни бошқаришингиз мумкин'),
(172, 'ru', 'Там вы можете управлять модулями'),
(172, 'uz', 'Бу ерда сиз модулларни бошқаришингиз мумкин'),
(173, 'ru', 'Там вы можете управлять конфигурацией системы'),
(173, 'uz', 'Бу ерда тизим конфигурациясини бошришингиз мумкин'),
(174, 'ru', 'Список модулей'),
(174, 'uz', 'Модуллар рўйхати'),
(175, 'ru', 'Панель администрирования'),
(175, 'uz', 'Бошқарув панели'),
(176, 'ru', 'Количество вакцин'),
(176, 'uz', 'Вакциналар сони'),
(177, 'ru', 'Остаток вакцины'),
(177, 'uz', 'Эмлаш қолдиқлари'),
(178, 'ru', 'В ожидании'),
(178, 'uz', 'Кутиш вақтида'),
(179, 'ru', 'Там вы можете управлять пользователями'),
(179, 'uz', 'Бу ерда сиз фойдаланувчиларни бошқаришингиз мумкин'),
(180, 'ru', 'Единиц измерения'),
(180, 'uz', 'Ўлчов бирлиги'),
(181, 'ru', 'Доза'),
(181, 'uz', 'Doza'),
(182, 'ru', 'Выбирать дату'),
(182, 'uz', 'Сана танлаш'),
(183, 'ru', 'Выбрать региона'),
(183, 'uz', 'Вилоятни танлаш'),
(184, 'ru', 'Выбрать района'),
(184, 'uz', 'Туман танлаш'),
(185, 'ru', 'Выбрать вакцину'),
(185, 'uz', 'Вакцинани танлаш'),
(186, 'ru', 'Сохранить'),
(186, 'uz', 'Сақлаш'),
(187, 'ru', 'Не могу войти'),
(187, 'uz', 'Кира олмаяпди'),
(188, 'ru', 'Вот информация, чтобы вы как можно быстрее вернулись в свой аккаунт'),
(188, 'uz', 'Аккоунтингизга имкон қадар тезроқ қайтиш учун малумотлар бу йерда'),
(189, 'ru', 'Сначала попробуйте самое простое: если вы помните свой пароль, но он не работает, убедитесь, что Caps Lock отключен и что ваше имя пользователя написано правильно, а затем повторите попытку.'),
(189, 'uz', 'Биринчи навбатда,  энг осон ишдан бошланг:  агар паролингиз эсингизда бўлсаю,  лекин у ишламаса,  Cапс Лоcк ўчирилганлигини ва фойдаланувчи исмингиз тўғри эканлигига ишонч ҳосил қилинг ва қайта уриниб кўринг'),
(190, 'ru', 'Если ваш пароль все еще не работает, пришло время'),
(190, 'uz', 'Агар сизнинг паролингиз ҳали ҳам ишламаётган бўлса,  у ҳолда'),
(191, 'ru', 'Забыли пароль'),
(191, 'uz', 'Паролни унутдингизми'),
(192, 'ru', 'сбросить пароль'),
(192, 'uz', 'паролни ўзгартириш'),
(193, 'ru', 'Сбросить пароль'),
(193, 'uz', 'Паролни ўзгартириш'),
(194, 'ru', 'сбросить пароль'),
(194, 'uz', 'Паролни ўзгартириш'),
(195, 'ru', 'или позвоните по номеру'),
(195, 'uz', 'ёки рақамни теринг'),
(196, 'ru', 'Дата прибытия'),
(196, 'uz', 'Бориш санаси'),
(197, 'ru', 'Получено'),
(197, 'uz', 'Қабул қилинганлар'),
(198, 'ru', 'Новое поступление'),
(198, 'uz', 'Янги келган'),
(199, 'ru', 'Отменен'),
(199, 'uz', 'Бекор қилинди'),
(200, 'ru', 'Приходы и расходы'),
(200, 'uz', 'Кирим ва чиқимлар'),
(201, 'ru', 'Возвращенный'),
(201, 'uz', 'Қайтарилди'),
(202, 'ru', 'Общее количество'),
(202, 'uz', 'Умумий сони'),
(203, 'ru', 'Принято'),
(203, 'uz', 'Қабул қилинган'),
(204, 'ru', 'Настройка'),
(204, 'uz', 'Созламалар'),
(205, 'ru', 'Лаборатории'),
(205, 'uz', 'Лабораториялар'),
(206, 'ru', 'Лаборатория'),
(206, 'uz', 'Лаборатория'),
(207, 'ru', 'Профилактика'),
(207, 'uz', 'Профилактика'),
(208, 'ru', 'Инспексия'),
(208, 'uz', 'Инспексия'),
(209, 'ru', 'Вакцинация'),
(209, 'uz', 'Ваксинация	'),
(210, 'ru', 'Бухгалтерия'),
(210, 'uz', 'Ҳисоб-китоб'),
(211, 'ru', 'Название компании'),
(211, 'uz', 'Ташкилот номи'),
(212, 'ru', 'Название деятельности'),
(212, 'uz', 'Фаолият номи'),
(213, 'ru', 'Группы пользователей'),
(213, 'uz', 'Фойдаланувчи гуруҳлари'),
(214, 'ru', 'Перевод'),
(214, 'uz', 'Таржима'),
(215, 'ru', 'Тип вакцины'),
(215, 'uz', 'Ваксинанинг тури'),
(216, 'ru', 'Адрес'),
(216, 'uz', 'Манзил'),
(217, 'ru', 'Вакцина'),
(217, 'uz', 'Емлаш'),
(218, 'ru', 'Тип единиц измерения'),
(218, 'uz', 'Ўлчов бирлиги тури'),
(220, 'ru', 'приходы и расходы'),
(220, 'uz', 'даромад ва харажатлар'),
(222, 'ru', 'Не принято'),
(222, 'uz', 'Қабул қилинмаганлар'),
(223, 'ru', 'Отчет по вакцин'),
(223, 'uz', 'Ваксина ҳисоботи'),
(224, 'ru', 'Номер вакцины'),
(224, 'uz', 'Ваксина рақами'),
(225, 'ru', 'Количество вакцины'),
(225, 'uz', 'Ваксинанинг миқдори'),
(226, 'ru', 'Номер'),
(226, 'uz', 'Рақами'),
(227, 'ru', 'Выберите вид деятельности'),
(227, 'uz', 'Фаолият турини танланг'),
(228, 'ru', 'Наименование предприятий'),
(228, 'uz', 'Корхоналарни номи'),
(229, 'ru', 'Специальный код'),
(229, 'uz', 'Махсус код'),
(230, 'ru', 'Главная страница'),
(230, 'uz', 'Бош саҳифа'),
(231, 'ru', 'Тип деятельности'),
(231, 'uz', 'Фаолият тури'),
(232, 'ru', 'Посмотреть все'),
(232, 'uz', 'Барчасини кўриш'),
(233, 'ru', 'Список диагностики'),
(233, 'uz', 'Диагнозлар рўйхати'),
(234, 'ru', 'Степень заболевания '),
(234, 'uz', 'Касаллик даражаси'),
(235, 'ru', 'Подробная информация'),
(235, 'uz', 'Тўлароқ'),
(236, 'ru', 'Фотография'),
(236, 'uz', 'Расм'),
(237, 'ru', 'Дата добавления'),
(237, 'uz', 'Қўшилган сана'),
(238, 'ru', 'Добавить нарушении'),
(238, 'uz', 'Қоида бузиш қўшиш'),
(239, 'ru', 'Добавить карантин'),
(239, 'uz', 'Карантин қўшиш'),
(240, 'ru', 'Дата начала'),
(240, 'uz', 'Бошланиш вақти'),
(241, 'ru', 'Дата окончания'),
(241, 'uz', 'Тугаш санаси'),
(242, 'ru', 'Комментарий'),
(242, 'uz', 'Изоҳ'),
(243, 'ru', 'Дата'),
(243, 'uz', 'Сана'),
(244, 'ru', 'История компании'),
(244, 'uz', 'Ташкилот тарихи'),
(245, 'ru', 'Препарат'),
(245, 'uz', 'Препарат'),
(246, 'ru', 'Приход'),
(246, 'uz', 'Кирим номи'),
(247, 'ru', 'Имя ваксина'),
(247, 'uz', 'Ваксина номи'),
(248, 'ru', 'не видел'),
(248, 'uz', 'кўрилмади'),
(249, 'ru', 'Панель управления'),
(249, 'uz', 'Бошқарув панели'),
(250, 'ru', 'Общие настройки'),
(250, 'uz', 'Умумий созлашлар'),
(251, 'ru', 'Приход & Распределение'),
(251, 'uz', 'Kirim & Tarqatish'),
(252, 'ru', 'Отдел кадров'),
(252, 'uz', 'Kadrlar bo\'limi'),
(253, 'ru', 'Приход & Распределение'),
(253, 'uz', 'Kirim & Tarqatish'),
(254, 'ru', 'Отдел кадров'),
(254, 'uz', 'Kadrlar bo\'limi'),
(255, 'ru', 'Приход'),
(255, 'uz', 'Кирим'),
(256, 'ru', 'Распределение'),
(256, 'uz', 'Тақсимлаш'),
(257, 'ru', 'Последние приходи'),
(257, 'uz', 'Сўнгги киримлар'),
(258, 'ru', ' добавить сотрудника'),
(258, 'uz', 'ходимни қўшиш'),
(259, 'ru', ' Все работники'),
(259, 'uz', 'Барча ходимлар'),
(260, 'ru', 'Добавить сотрудника'),
(260, 'uz', 'Ходимни қўшиш'),
(261, 'ru', 'Другие'),
(261, 'uz', 'Бошқалар'),
(262, 'uz', 'Чиқиб кетиш'),
(263, 'ru', 'Tuman не найден'),
(263, 'uz', 'Tuman топилмади'),
(264, 'ru', 'Отдел кадров'),
(264, 'uz', ' Кадрлар бўлими'),
(265, 'ru', 'Остаток'),
(265, 'uz', 'Қолган'),
(266, 'ru', 'Сотрудник уволен'),
(266, 'uz', ' Ишдан бўшаган'),
(267, 'ru', 'Реальный счет'),
(267, 'uz', 'Ҳақиқий ҳисоблаш'),
(268, 'ru', 'Не активен'),
(268, 'uz', 'Актив эмас'),
(269, 'ru', 'Владелец'),
(269, 'uz', 'Эгаси'),
(270, 'ru', 'Пользователь'),
(270, 'uz', 'Фойдаланувчи'),
(271, 'ru', 'Данные'),
(271, 'uz', 'Маълумот'),
(272, 'ru', 'Информация по поступлениям'),
(272, 'uz', 'Кирувчи маълумотлар'),
(273, 'ru', 'Информация по болезням'),
(273, 'uz', 'Касалликлар бўйича маълумот'),
(274, 'ru', 'Информация от пользователей'),
(274, 'uz', 'Фойдаланувчилар тўғрисидаги маълумот'),
(276, 'ru', 'Распределенная серия'),
(276, 'uz', 'Тарқатилган қатор'),
(277, 'ru', 'Мой профиль'),
(277, 'uz', 'Менинг профилим'),
(278, 'ru', 'Настройки'),
(278, 'uz', 'Созламалар'),
(279, 'ru', 'Выйти'),
(279, 'uz', 'Чиқиш'),
(280, 'ru', 'Действие'),
(280, 'uz', 'Амал'),
(281, 'ru', 'Городок'),
(281, 'uz', 'Шаҳар'),
(282, 'ru', 'Эл. адрес'),
(282, 'uz', 'Е-почта'),
(283, 'ru', 'Образ'),
(283, 'uz', 'Расм'),
(284, 'ru', 'Фамилия'),
(284, 'uz', 'Фамилия'),
(285, 'ru', 'Имя'),
(285, 'uz', 'Исм'),
(286, 'ru', 'Отчество'),
(286, 'uz', 'Отасини исми'),
(287, 'ru', 'Номер телефона'),
(287, 'uz', 'Телефон рақами'),
(288, 'ru', 'Выберите группу'),
(288, 'uz', 'Гуруҳни танланг'),
(289, 'ru', 'Повторите пароль'),
(289, 'uz', 'Паролни такрорланг'),
(290, 'ru', 'Выберите регион'),
(290, 'uz', 'Вилоятни танланг'),
(291, 'ru', 'Выберите город'),
(291, 'uz', 'Шаҳарни танланг'),
(292, 'ru', 'Изменить личную информацию'),
(292, 'uz', 'Шахсий маълумотларни таҳрирлаш'),
(293, 'ru', 'Изменить информацию профиля'),
(293, 'uz', 'Профил маълумотларини таҳрирлаш'),
(294, 'ru', 'Прежний пароль'),
(294, 'uz', 'Ески парол'),
(295, 'ru', 'Новый пароль'),
(295, 'uz', 'Янги Парол'),
(296, 'ru', 'Повторите новый пароль'),
(296, 'uz', 'Янги паролни такрорланг'),
(297, 'ru', 'АДМИНИСТРАТОР ОБЛАСТИ'),
(297, 'uz', 'Вилоят бошқарувчиси'),
(298, 'ru', 'Добавить сотрудника'),
(298, 'uz', 'Ходим қўшиш'),
(299, 'ru', 'Продолжить'),
(299, 'uz', 'Давом этиш'),
(300, 'ru', 'Язык'),
(300, 'uz', 'Тил'),
(301, 'ru', 'успешно добавлено'),
(301, 'uz', 'муваффақиятли қўшилди'),
(302, 'ru', 'Ежедневный отчет'),
(302, 'uz', 'Кундалик ҳисобот'),
(303, 'ru', 'Ежемесячный отчет'),
(303, 'uz', 'Ойлик ҳисобот'),
(304, 'ru', 'Квартальный отчет'),
(304, 'uz', 'Уч ойлик ҳисобот'),
(305, 'ru', 'Годовой отчет'),
(305, 'uz', 'Йиллик ҳисобот'),
(306, 'ru', 'Скачать Excel'),
(306, 'uz', 'ехсел да юклаб олиш'),
(307, 'ru', 'Название на русском'),
(307, 'uz', 'Русча номи'),
(308, 'ru', 'Название на узбекском'),
(308, 'uz', 'Ўзбекча номи'),
(309, 'ru', 'Категория'),
(309, 'uz', 'Категория'),
(310, 'ru', 'Доза'),
(310, 'uz', 'Доза'),
(311, 'ru', 'Добавленная дата'),
(311, 'uz', 'Қўшилган сана'),
(312, 'ru', 'Добавить профиль'),
(312, 'uz', 'Профил қўшиш'),
(313, 'ru', 'Активный'),
(313, 'uz', 'Актив'),
(314, 'ru', 'Список лекарств'),
(314, 'uz', 'Дорилар рўйхати'),
(317, 'ru', 'Категория вакцины'),
(317, 'uz', 'Вакциналар тоифаси'),
(318, 'ru', 'Вакцинная единица'),
(318, 'uz', 'Эмлаш қиймати'),
(319, 'ru', 'Фильтр'),
(319, 'uz', 'Тозалаш'),
(320, 'ru', 'Вся вакцина'),
(320, 'uz', 'Барча эмлаш'),
(321, 'ru', 'Просмотр препарата'),
(321, 'uz', 'Препаратни кўриш'),
(322, 'ru', 'Регион категории'),
(322, 'uz', 'Ҳудудуй категория'),
(323, 'ru', 'Редактировать ваксину'),
(323, 'uz', 'Ваксинани таҳрирлаш'),
(324, 'ru', 'Файл не загружен'),
(324, 'uz', 'Файл юкланмади'),
(325, 'ru', 'Редактировать профиль'),
(325, 'uz', 'Профилни таҳрирлаш'),
(326, 'ru', 'Последний визит'),
(326, 'uz', 'Охирги ташриф'),
(327, 'ru', 'Фамилия'),
(327, 'uz', 'Фамилия'),
(328, 'ru', 'Отчество'),
(328, 'uz', 'Отасини исми'),
(329, 'ru', 'Отменен'),
(329, 'uz', 'Бекор қилинганлар'),
(330, 'ru', 'Карта'),
(330, 'uz', 'Харитага ўтиш'),
(331, 'ru', 'Настройки вакцины'),
(331, 'uz', 'Вакцина созламалари'),
(332, 'ru', 'Болезнь и животное'),
(332, 'uz', 'Касаллик ва хайвонлар'),
(333, 'ru', 'Территория'),
(333, 'uz', 'Худуд'),
(334, 'ru', 'Обл. приход'),
(334, 'uz', 'Вил. кирими'),
(335, 'ru', 'Рай. приход'),
(335, 'uz', 'Тум. кирими'),
(336, 'ru', 'Вывод'),
(336, 'uz', 'Хулоса'),
(337, 'ru', 'Текст заключения'),
(337, 'uz', 'Хулоса матни'),
(338, 'ru', 'Восстановить пароль'),
(338, 'uz', 'Паролни тиклаш'),
(339, 'ru', 'У вас уже есть учетная запись'),
(339, 'uz', 'Сизда аккаунт борми'),
(340, 'ru', 'Сообщения'),
(340, 'uz', 'Хабарлар'),
(341, 'ru', 'Оповещения'),
(341, 'uz', 'Эълонлар'),
(342, 'ru', 'Страница не найдена'),
(342, 'uz', 'Саҳифа топилмади'),
(343, 'ru', 'Запрошенный URL-адрес'),
(343, 'uz', 'Сўралаётган URL'),
(344, 'ru', 'не найден на этом сервере'),
(344, 'uz', 'сервердан топилмади'),
(345, 'ru', 'Email не найден'),
(345, 'uz', 'Email топилмади'),
(346, 'ru', 'Письмо было отправлено'),
(346, 'uz', 'Email сизга юборилди'),
(347, 'ru', ' Проверь свои входящие'),
(347, 'uz', 'Почтангизни текшириб кўринг'),
(348, 'ru', 'Если вы не получили это письмо, проверьте папки со спамом'),
(348, 'uz', 'Агар сизга почта бормаган бўлса, Спам папкасини текшириб кўринг'),
(349, 'ru', ' Перейти на главную страницу'),
(349, 'uz', 'Бош сахифага ўтиш'),
(350, 'ru', ' Токен не найден'),
(350, 'uz', 'Токен топилмади'),
(351, 'ru', ' Вы изменили свой пароль'),
(351, 'uz', 'Сиз ўз паролингизни ўзгартирдингиз'),
(352, 'ru', ' Ваш новый пароль сгенерирован'),
(352, 'uz', 'Сизнинг янги паролингиз генерация қилинди'),
(353, 'ru', 'Привет'),
(353, 'uz', 'Салом'),
(354, 'ru', ' Сбросить пароль учетной записи'),
(354, 'uz', 'Аккаунт паролини қайта ўрнатиш'),
(355, 'ru', 'Ваш новый пароль'),
(355, 'uz', 'Сизнинг янги паролингиз'),
(357, 'ru', ' С уважением'),
(357, 'uz', 'Хурмат или'),
(358, 'ru', ' Все права защищены'),
(358, 'uz', 'Барча хуқуқлар химояланган'),
(359, 'ru', ' Кто-то (возможно, не вы) запросил сброс пароля на сайте, для сброса нажмите кнопку'),
(359, 'uz', 'Сиз (балким бошқаси) паролни қайта ўрнатишга сўров юборилди. Паролни ўзгартириш учун тугмани босинг'),
(360, 'ru', ' Сбросить пароль'),
(360, 'uz', 'Паролни қайта қўйиш'),
(361, 'ru', 'Если это был не ты, то просто проигнорируй это письмо'),
(361, 'uz', 'Агар бу сиз бўлмасангиз, унда шунчаки хабарни ўчириб ташланг'),
(362, 'ru', ' Если по какой-то причине вы не можете нажать кнопку «Сбросить пароль», скопируйте ссылку в браузер и нажмите на нее'),
(362, 'uz', 'Номалум сабабга кўра тугмани боса олмасангиз, қуйидаги линкни босинг'),
(363, 'ru', 'Отказано'),
(363, 'uz', 'Рад этилган'),
(364, 'ru', 'Читать все'),
(364, 'uz', 'Барчасини ўқиш'),
(365, 'ru', 'Сообщение'),
(365, 'uz', 'Хабар'),
(366, 'ru', 'Свойство'),
(366, 'uz', 'Хусусияти'),
(367, 'ru', 'У вас новый сообщения в системе VET'),
(367, 'uz', 'Сизга VET тизимида янги хабар келди'),
(368, 'ru', 'Не установлен'),
(368, 'uz', 'Мавжуд эмас'),
(369, 'ru', 'Выбрать'),
(369, 'uz', 'Танлаш'),
(370, 'ru', 'Персональная информация'),
(370, 'uz', 'Фойдаланувчи маълумотлари'),
(371, 'uz', 'Кирилмаган'),
(372, 'ru', 'Не посещал'),
(372, 'uz', 'Кирилмаган'),
(373, 'ru', 'О'),
(373, 'uz', 'Хақида'),
(374, 'ru', 'История'),
(374, 'uz', 'Тарих'),
(375, 'ru', 'Контактная информация'),
(375, 'uz', 'Контакт маълумотлари'),
(376, 'ru', 'Добро пожаловать в профиль пользователя '),
(376, 'uz', 'Фойдаланувчи профилига хуш келибсиз'),
(377, 'ru', ' Группа пользователей'),
(377, 'uz', 'Фойдаланувчи гуруҳи'),
(378, 'ru', 'Персональные данные'),
(378, 'uz', 'Шахсий маълумот'),
(379, 'ru', 'Изменение пароля'),
(379, 'uz', 'Паролни ўзгартириш'),
(380, 'ru', 'Сгенерированный пароль'),
(380, 'uz', 'Паролни генерация қилиш'),
(381, 'ru', 'Недопустимое подтверждение пароля'),
(381, 'uz', 'Пароллар мос келмаяпти'),
(382, 'ru', 'Повторно введите пароль'),
(382, 'uz', 'Паролни қайтадан киритинг'),
(383, 'ru', 'Разблокировать пользователя'),
(383, 'uz', 'Блокдан олиш'),
(384, 'ru', 'Заблокировать пользователя'),
(384, 'uz', 'Фойдаланувчини блоклаш'),
(385, 'ru', 'Выберите группу для использования'),
(385, 'uz', 'Фойдаланувчига гурух танланг'),
(386, 'ru', 'Обновить данные'),
(386, 'uz', 'Маълумотларни янгилаш'),
(387, 'ru', 'Количество вакцины'),
(387, 'uz', 'Вакциналар сони'),
(388, 'ru', 'Распространитель'),
(388, 'uz', 'Тарқатувчи'),
(389, 'ru', 'Баланс'),
(389, 'uz', 'Қолдиқ'),
(390, 'ru', 'Баланс вакцин'),
(390, 'uz', 'Вакцина қолдиқ'),
(391, 'ru', 'Дефицит вакцин'),
(391, 'uz', 'Вакцина камомат'),
(392, 'ru', 'Загрузка'),
(392, 'uz', 'Юклаб олиш'),
(394, 'ru', 'Остаток'),
(394, 'uz', 'Қолдиқ'),
(395, 'ru', 'Сегодня'),
(395, 'uz', 'Бугун'),
(396, 'ru', 'Удержание температуры'),
(396, 'uz', 'Сақлаш температураси'),
(397, 'ru', 'Для прививок '),
(397, 'uz', 'Эмлаш учун'),
(398, 'ru', 'Территория прививок '),
(398, 'uz', 'Эмланадиган худудлар'),
(399, 'ru', 'Виды животных и возраст'),
(399, 'uz', 'Эмланадиган ҳайвонлар тури ва ёши'),
(400, 'ru', 'Период действия для рекомендованной прививки '),
(400, 'uz', 'Эмлаш тавсия этиладиган давр'),
(401, 'ru', 'Ревакцинация'),
(401, 'uz', 'Ревакцинация'),
(402, 'ru', 'Иммунитет'),
(402, 'uz', 'Иммунитет'),
(403, 'ru', 'Рекомендованная время для прививки '),
(403, 'uz', 'Эмлаш тавсия этиладиган вақт'),
(404, 'ru', 'Лабораторная диагностика'),
(404, 'uz', 'Лаборатория диагностикаси'),
(405, 'ru', 'Требования и ограничения в отношении прививок'),
(405, 'uz', 'Эмлашдаги талаб ва чеклашлар '),
(406, 'ru', 'Профилактик'),
(406, 'uz', 'Профилактик'),
(407, 'ru', 'Обязательное'),
(407, 'uz', 'Мажбурий'),
(408, 'ru', 'Тип прививки '),
(408, 'uz', 'Эмлаш тури'),
(409, 'ru', 'Названия прививки '),
(409, 'uz', 'Эмлама номи'),
(410, 'ru', 'Не подтвержден'),
(410, 'uz', 'Тасдиқламаган'),
(411, 'ru', 'Отчет по владельцах'),
(411, 'uz', 'Эгалари ҳисоботи'),
(412, 'ru', 'Отчет по вакцинации'),
(412, 'uz', 'Ваксинациялар ҳисоботи'),
(413, 'ru', 'Отчет по диагностике'),
(413, 'uz', 'Диагностика ҳисоботи'),
(414, 'ru', 'Отчет по типам'),
(414, 'uz', 'Турлари бўйича ҳисобот'),
(415, 'ru', 'Отчеты'),
(415, 'uz', 'Ҳисоботлар'),
(416, 'ru', 'Меж. Сотрудничество'),
(416, 'uz', 'Хал. Хамкорлик'),
(417, 'ru', 'Диагностика'),
(417, 'uz', 'Диагностика'),
(418, 'ru', 'Справочник'),
(418, 'uz', 'Қўлланма'),
(419, 'ru', 'Безопасность'),
(419, 'uz', 'Хавфсизлик'),
(420, 'ru', 'Владелцы'),
(420, 'uz', 'Эгалари');

-- --------------------------------------------------------

--
-- Структура таблицы `next_comment`
--

CREATE TABLE `next_comment` (
  `id` int(11) NOT NULL,
  `entity` varchar(1024) NOT NULL,
  `entityId` int(11) NOT NULL,
  `content` text NOT NULL,
  `parentId` int(11) DEFAULT NULL,
  `level` int(11) NOT NULL,
  `createdBy` int(11) NOT NULL,
  `updatedBy` int(11) NOT NULL,
  `relatedTo` varchar(1024) NOT NULL,
  `url` varchar(1024) NOT NULL,
  `status` int(11) NOT NULL,
  `createdAt` int(11) NOT NULL,
  `updatedAt` int(11) NOT NULL
) ENGINE=MyISAM DEFAULT CHARSET=utf8;

--
-- Дамп данных таблицы `next_comment`
--

INSERT INTO `next_comment` (`id`, `entity`, `entityId`, `content`, `parentId`, `level`, `createdBy`, `updatedBy`, `relatedTo`, `url`, `status`, `createdAt`, `updatedAt`) VALUES
(1, '6e53b720', 89, 'jhjkhj', NULL, 1, 52, 52, 'app\\models\\Video:89', '/ru/page/video/view/89', 1, 1508299829, 1508299829),
(2, '6e53b720', 70, 'jhhvkvkvkh\r\n', NULL, 1, 52, 52, 'app\\models\\Video:70', '/ru/page/video/view/70', 1, 1508917976, 1508917976),
(3, '6e53b720', 70, 'jhjkbhjb', 2, 2, 52, 52, 'app\\models\\Video:70', '/ru/page/video/view/70', 1, 1508917986, 1508917986),
(4, '6e53b720', 70, 'jhbhhjjhj', 2, 2, 52, 52, 'app\\models\\Video:70', '/ru/page/video/view/70', 1, 1508917994, 1508917994),
(5, '6e53b720', 70, 'jhvbjhvjhvjh', 2, 2, 52, 52, 'app\\models\\Video:70', '/ru/page/video/view/70', 1, 1508918002, 1508918002),
(6, '6e53b720', 70, 'hvhvjbjhvjh', 2, 2, 52, 52, 'app\\models\\Video:70', '/ru/page/video/view/70', 1, 1508918012, 1508918012);

-- --------------------------------------------------------

--
-- Структура таблицы `sed_personal`
--

CREATE TABLE `sed_personal` (
  `per_id` int(11) NOT NULL,
  `rule` varchar(5) NOT NULL DEFAULT 'usr',
  `firstname` varchar(20) DEFAULT NULL,
  `middlename` varchar(20) DEFAULT NULL,
  `lastname` varchar(20) DEFAULT NULL,
  `personal_picture` text,
  `personal_sign` varchar(512) DEFAULT NULL,
  `email` varchar(100) DEFAULT NULL,
  `birthday` date DEFAULT NULL,
  `visit` datetime DEFAULT NULL,
  `logged` int(11) DEFAULT NULL,
  `current_module` int(11) DEFAULT NULL,
  `status` int(11) NOT NULL,
  `viloyat_id` int(11) NOT NULL,
  `tuman_id` int(11) NOT NULL,
  `created_at` int(11) NOT NULL,
  `phone` int(11) NOT NULL
) ENGINE=InnoDB DEFAULT CHARSET=utf8;

--
-- Дамп данных таблицы `sed_personal`
--

INSERT INTO `sed_personal` (`per_id`, `rule`, `firstname`, `middlename`, `lastname`, `personal_picture`, `personal_sign`, `email`, `birthday`, `visit`, `logged`, `current_module`, `status`, `viloyat_id`, `tuman_id`, `created_at`, `phone`) VALUES
(59, 'usr', 'Системный', 'Администратор', 'СЭД', 'Kh77ktUU81k5uJAnlEy7.jpg', NULL, NULL, NULL, '2015-09-08 17:17:17', 1441714759, 15, 1, 0, 0, 0, 0),
(60, 'usr', 'Test', 'Testovov', 'Testovich', NULL, NULL, NULL, NULL, NULL, NULL, NULL, 1, 0, 0, 0, 0),
(319, 'usr', 'Нигора', 'Шарустамов', 'Эргашович', NULL, NULL, 'asdasd@sd.gh', NULL, NULL, NULL, NULL, 0, 0, 0, 0, 0),
(320, 'usr', 'Нигора', 'Шарустамов', 'Эргашович', NULL, NULL, 'asdasd@sd.gh', NULL, NULL, NULL, NULL, 0, 0, 0, 0, 0),
(321, 'usr', 'aaaaaaaaaaa', 'aaaaaaaaaa', 'aaaaaaaaaaaaa', NULL, NULL, 'asdasd@sd.gh', NULL, NULL, NULL, NULL, 0, 0, 0, 0, 0),
(322, 'usr', 'asd', 'asdasd', 'sadasd', NULL, NULL, 'asdasad@sd.gh', NULL, NULL, NULL, NULL, 0, 0, 0, 0, 0),
(323, 'usr', 'sdfsdfds', 'sdfsdf', 'sdfsdfsdf', NULL, NULL, 'asdasssd@sd.gh', NULL, NULL, NULL, NULL, 0, 0, 0, 0, 0),
(324, 'usr', 'asdasdasd', 'asdasdasd', 'asdasdasd', NULL, NULL, 'asdasaad@sd.gh', NULL, NULL, NULL, NULL, 0, 0, 0, 0, 0),
(325, 'usr', 'asdasdasd', 'asdasdasd', 'asdasdasd', NULL, NULL, 'asdasaad@sd.gh', NULL, NULL, NULL, NULL, 0, 0, 0, 0, 0),
(326, 'usr', 'sdfsdfsd', 'sdfsdf', 'sdfsdfsdf', NULL, NULL, 'asdassssd@sd.gh', NULL, NULL, NULL, NULL, 0, 0, 0, 0, 0),
(327, 'usr', 'sdfsdfsd', 'sdfsdf', 'sdfsdfsdf', NULL, NULL, 'asdassssd@sd.gh', NULL, NULL, NULL, NULL, 0, 0, 0, 0, 0),
(328, 'usr', 'sdfsdfsd', 'sdfsdf', 'sdfsdfsdf', NULL, NULL, 'asdassssd@sd.gh', NULL, NULL, NULL, NULL, 0, 0, 0, 0, 0),
(329, 'usr', 'Барно', 'asdasd', 'sdfsdfsdf', NULL, NULL, 'asdasssd@sd.gh', NULL, NULL, NULL, NULL, 0, 0, 0, 0, 0),
(330, 'usr', 'Барно', 'asdasd', 'sdfsdfsdf', NULL, NULL, 'asdasssd@sd.gh', NULL, NULL, NULL, NULL, 0, 0, 0, 0, 0),
(331, 'usr', 'Said', 'Said', 'Said', NULL, NULL, 'said@mail.ru', NULL, NULL, NULL, NULL, 1, 2, 21, 1545293700, 7645643),
(332, 'usr', 'Mansur P', 'Rahmonovich P', 'Rahmonov P', NULL, NULL, 'tuman@mail.ru', NULL, NULL, NULL, NULL, 1, 8, 95, 1545293784, 6436546),
(333, 'usr', 'ggggggggggggg', 'ggggggggggggg', 'ggggggggggg', NULL, NULL, 'hhgg@hf.ft', NULL, NULL, NULL, NULL, 0, 0, 0, 1545293876, 34252354),
(365, 'usr', 'asdasdasd', 'asdasdasd', 'asdasda', NULL, NULL, NULL, NULL, NULL, NULL, NULL, 1, 8, 95, 1545594943, 234234234),
(366, 'usr', 'wwwwwwwwwwwwww', 'ttttttttttttt', 'qqqqqqqqq', NULL, NULL, NULL, NULL, NULL, NULL, NULL, 1, 11, 0, 1545595473, 34234234),
(367, 'usr', 'Sarvar', 'Ulugbekovich', 'Maxmudjanov', NULL, NULL, NULL, NULL, NULL, NULL, NULL, 1, 3, 0, 1545642632, 13124312),
(368, 'usr', 'Dilshod', 'Ergash o\'g\'li', 'Boboqulov', NULL, NULL, NULL, NULL, NULL, NULL, NULL, 1, 3, 36, 1545645525, 234324),
(369, 'usr', NULL, NULL, NULL, NULL, NULL, 'nuriddin.tatu@gmail.com', NULL, NULL, NULL, NULL, 1, 1, 2, 1, 1),
(370, 'usr', 'Gijduvon', 'Gijduvon', 'Gijduvon', NULL, NULL, 't.gijduvon@mail.ru', NULL, NULL, NULL, NULL, 1, 3, 36, 2, 0),
(371, 'usr', 'Hudud1', 'Hudud1', 'Hudud1', NULL, NULL, NULL, NULL, NULL, NULL, NULL, 1, 3, 36, 1546622929, 829374),
(372, 'usr', 'asdas', 'asdasd', 'asdasd', NULL, NULL, 'aaa@ss.ss', NULL, NULL, NULL, NULL, 1, 1, 6, 1, 0),
(373, 'usr', 'hudud2', 'hudud2', 'hudud2', NULL, NULL, NULL, NULL, NULL, NULL, NULL, 1, 3, 36, 1546871751, 254324),
(374, 'usr', 'Андижон', 'Андижон', 'Андижон', NULL, NULL, NULL, NULL, NULL, NULL, NULL, 1, 2, 0, 1547018906, 123456789),
(375, 'usr', 'Бухоро', 'Бухоро', 'Бухоро', NULL, NULL, NULL, NULL, NULL, NULL, NULL, 1, 3, 0, 1547019221, 123456789),
(376, 'usr', 'Жиззах', 'Жиззах', 'Жиззах', NULL, NULL, NULL, NULL, NULL, NULL, NULL, 1, 4, 0, 1547019362, 123456789),
(377, 'usr', 'Қашқадарё', 'Қашқадарё', 'Қашқадарё', NULL, NULL, NULL, NULL, NULL, NULL, NULL, 1, 5, 0, 1547019491, 123456789),
(378, 'usr', 'Навоий', 'Навоий', 'Навоий', NULL, NULL, NULL, NULL, NULL, NULL, NULL, 1, 6, 0, 1547019581, 123456789),
(379, 'usr', 'Наманган', 'Наманган', 'Наманган', NULL, NULL, NULL, NULL, NULL, NULL, NULL, 1, 7, 0, 1547019659, 123456789),
(380, 'usr', 'Самарқанд', 'Самарқанд', 'Самарқанд', NULL, NULL, NULL, NULL, NULL, NULL, NULL, 1, 8, 0, 1547019755, 123456789),
(381, 'usr', 'Сурхондарё', 'Сурхондарё', 'Сурхондарё', NULL, NULL, NULL, NULL, NULL, NULL, NULL, 1, 9, 0, 1547019866, 123456789),
(382, 'usr', 'Сирдарё', 'Сирдарё', 'Сирдарё', NULL, NULL, NULL, NULL, NULL, NULL, NULL, 1, 10, 0, 1547019979, 123456789),
(383, 'usr', 'Тошкентв', 'Тошкентв', 'Тошкентв', NULL, NULL, NULL, NULL, NULL, NULL, NULL, 1, 11, 0, 1547020078, 123456789),
(384, 'usr', 'Фарғона', 'Фарғона', 'Фарғона', NULL, NULL, NULL, NULL, NULL, NULL, NULL, 1, 12, 0, 1547020207, 123456789),
(385, 'usr', 'Хоразим', 'Хоразим', 'Хоразим', NULL, NULL, NULL, NULL, NULL, NULL, NULL, 1, 13, 0, 1547020289, 123456789),
(386, 'usr', 'Тошкентш', 'Тошкентш', 'Тошкентш', NULL, NULL, NULL, NULL, NULL, NULL, NULL, 2, 14, 0, 1547020451, 123456789),
(387, 'usr', 'ҚҚР', 'ҚҚР', 'ҚҚР', NULL, NULL, NULL, NULL, NULL, NULL, NULL, 1, 1, 0, 1547020968, 123456789),
(388, 'usr', 'Dilshod', 'Abdulahatovich', 'Abdujalilov', NULL, NULL, NULL, NULL, NULL, NULL, NULL, 1, 12, 0, 1549869786, 2147483647),
(389, 'usr', 'Terra', 'Abdulahatovich', 'Colo', NULL, NULL, 'nuriddin.111@gmail.com', NULL, NULL, NULL, NULL, 1, 1, 9, 1553784644, 9998552);

-- --------------------------------------------------------

--
-- Структура таблицы `source_message`
--

CREATE TABLE `source_message` (
  `id` int(11) NOT NULL,
  `category` varchar(32) DEFAULT NULL,
  `message` text
) ENGINE=InnoDB DEFAULT CHARSET=utf8;

--
-- Дамп данных таблицы `source_message`
--

INSERT INTO `source_message` (`id`, `category`, `message`) VALUES
(1, 'app', 'Dashboard'),
(3, 'app', 'Home Page'),
(4, 'app', 'Human Resource'),
(5, 'app', 'E-doc'),
(6, 'app', 'Employee'),
(7, 'app', 'Add'),
(8, 'app', 'List'),
(9, 'app', 'Edit'),
(10, 'app', 'Worknote'),
(11, 'app', 'Doc'),
(12, 'app', 'Incoming'),
(13, 'app', 'Outgoing'),
(14, 'app', 'Orders'),
(16, 'app', 'Memos'),
(17, 'app', 'Decree'),
(18, 'app', 'All'),
(20, 'app', 'Calendar'),
(21, 'app', 'Users'),
(23, 'app', 'Sign in to your account'),
(24, 'app', 'I forgot my password'),
(25, 'app', 'Keep me signed in'),
(26, 'app', 'Number of wrong attempts is limited'),
(28, 'app', 'Login'),
(29, 'app', 'info'),
(31, 'app', 'Overview'),
(32, 'app', 'Edit Profile'),
(33, 'app', 'Your history in the system'),
(34, 'app', 'Department'),
(36, 'app', 'Last Logged In'),
(37, 'app', 'Position'),
(38, 'app', 'The reason of this error, maybe : not found  page or this part of system is under the constructions'),
(39, 'app', 'Please contact us if you think this is a server error. Thank you.'),
(40, 'app', 'Not Found'),
(41, 'app', 'Type a message here'),
(42, 'app', 'You can`t give more than one order per user from one document'),
(43, 'app', 'Contact Information'),
(44, 'app', 'Additional information'),
(45, 'app', 'Main Information'),
(46, 'app', 'Your roles in the system'),
(47, 'app', 'Work out'),
(48, 'app', 'Working'),
(49, 'app', 'Main information'),
(50, 'app', 'Birth place information'),
(51, 'app', 'Passport information'),
(52, 'app', 'Official address'),
(53, 'app', 'Place of residence'),
(54, 'app', 'Technical Support'),
(55, 'app', 'Lock Screen'),
(56, 'app', 'Log Out'),
(58, 'app', 'My Profile'),
(59, 'app', 'Username'),
(60, 'app', 'Password'),
(61, 'app', 'Database Name'),
(62, 'app', 'Update'),
(63, 'app', 'MainFolder'),
(64, 'app', 'Port'),
(66, 'app', 'IP address'),
(68, 'app', 'Site address'),
(69, 'app', 'Confirm Password'),
(71, 'app', 'Files'),
(72, 'app', 'Profile'),
(73, 'app', 'Your history'),
(75, 'app', 'My Calendar'),
(76, 'app', 'Config'),
(78, 'app', 'Categories'),
(79, 'app', 'Error'),
(80, 'app', 'Order'),
(81, 'app', 'Statistics'),
(82, 'app', 'Extendsearch'),
(83, 'app', 'Added'),
(84, 'app', 'Docnum'),
(85, 'app', 'Offdate'),
(86, 'app', 'Description'),
(87, 'app', 'File'),
(88, 'app', 'Agreed'),
(89, 'app', 'Based'),
(90, 'app', 'Leader'),
(92, 'app', 'Created'),
(93, 'app', 'Name'),
(94, 'app', 'Search'),
(95, 'app', 'More'),
(96, 'app', 'Title'),
(97, 'app', 'Translations'),
(98, 'app', 'Actions'),
(99, 'app', 'Back'),
(100, 'app', 'Bce'),
(101, 'app', 'Add new'),
(102, 'app', 'Regions'),
(103, 'app', 'Region'),
(104, 'app', 'City'),
(105, 'app', 'Vaccina'),
(106, 'app', 'Vaccina type'),
(107, 'app', 'Unit'),
(108, 'app', 'Animal'),
(109, 'app', 'Animal type'),
(110, 'app', 'Animal color'),
(111, 'app', 'Animals'),
(112, 'app', 'Disease'),
(113, 'app', 'Disease type'),
(114, 'app', 'Arrival'),
(115, 'app', 'Reestr'),
(116, 'app', 'Notification'),
(117, 'app', 'Control panel'),
(118, 'app', 'Main'),
(119, 'app', 'Modules'),
(120, 'app', 'Not enough balance in inventory and inventory costs'),
(121, 'app', 'zero is not allowed'),
(122, 'app', 'Drug name'),
(123, 'app', 'Create'),
(124, 'app', 'Status'),
(125, 'app', 'Add drug'),
(126, 'app', 'Color name'),
(127, 'app', 'Region name'),
(128, 'app', 'Add region'),
(129, 'app', 'Vaccine name'),
(130, 'app', 'Drug type'),
(132, 'app', 'Add vaccine'),
(133, 'app', 'Drug types'),
(134, 'app', 'Unit name'),
(135, 'app', 'Add unit'),
(136, 'app', 'Add color '),
(137, 'app', 'Animal name'),
(138, 'app', 'Color'),
(139, 'app', 'Animal types'),
(140, 'app', 'Add animal'),
(141, 'app', 'Add disease'),
(142, 'app', 'Disease name'),
(143, 'app', 'Disease types'),
(144, 'app', 'Arrival name'),
(145, 'app', 'Arrival number'),
(147, 'app', 'Count'),
(148, 'app', 'The remainder	'),
(149, 'app', 'Add arrival'),
(151, 'app', 'Adress'),
(152, 'app', 'INN'),
(153, 'app', 'Special code'),
(154, 'app', 'Value'),
(155, 'app', 'Groups'),
(156, 'app', 'Configuration'),
(157, 'app', 'Code Name'),
(158, 'app', 'Date of creation'),
(159, 'app', 'FIO'),
(160, 'app', 'Phone'),
(161, 'app', 'Role'),
(162, 'app', 'Registered'),
(163, 'app', 'Add new user'),
(164, 'app', 'Name ru'),
(165, 'app', 'Name uz'),
(166, 'app', 'Drug'),
(167, 'app', 'Cancel'),
(168, 'app', 'Are you sure?'),
(169, 'app', 'Delete'),
(170, 'app', 'You will not be able to recover this information!'),
(171, 'app', 'There you can mange groups'),
(172, 'app', 'There you can mange modules'),
(173, 'app', 'There you can mange configuration of system'),
(174, 'app', 'List of modules'),
(175, 'app', 'Administration panel'),
(176, 'app', 'Vaccine count'),
(177, 'app', 'Vaccine residue'),
(178, 'app', 'In expectation'),
(179, 'app', 'There you can mange users'),
(180, 'app', 'Unit measure'),
(181, 'app', 'Dose'),
(182, 'app', 'Select date'),
(183, 'app', 'Choose the region'),
(184, 'app', 'Choose the city'),
(185, 'app', 'Choose the vaccine'),
(186, 'app', 'Save'),
(187, 'app', 'Can\'t log in'),
(188, 'app', 'Here’s the info to get you back in to your account as quickly as possible'),
(189, 'app', 'First, try the easiest thing: if you remember your password but it isn’t working, make sure that Caps Lock is turned off, and that your username is spelled correctly, and then try again'),
(190, 'app', 'If your password still isn’t working, it’s time to'),
(191, 'app', 'Forgot Password'),
(194, 'app', 'reset your password'),
(195, 'app', 'or call the number'),
(196, 'app', 'Arrival date'),
(197, 'app', 'Received'),
(198, 'app', 'New arrival'),
(199, 'app', 'Canceled'),
(200, 'app', 'Income and expenses'),
(201, 'app', 'Returned'),
(202, 'app', 'Income vaccines'),
(203, 'app', 'Accepted'),
(204, 'app', 'Reference'),
(205, 'app', 'Laboratories'),
(206, 'app', 'Laboratory'),
(207, 'app', 'Diagnose&Prevention'),
(208, 'app', 'Inspection'),
(209, 'app', 'Vaksinatsiya'),
(210, 'app', 'Accounting'),
(211, 'app', 'Company name'),
(212, 'app', 'Activity name'),
(213, 'app', 'User groups'),
(214, 'app', 'Translation'),
(215, 'app', 'Vaccine type'),
(216, 'app', 'Address'),
(217, 'app', 'Vaccine'),
(218, 'app', 'Unit type'),
(219, 'app', 'System Ticker'),
(220, 'app', 'income and expenditure'),
(222, 'app', 'Not accepted'),
(223, 'app', 'Vaccine Report'),
(224, 'app', 'Vaccine number'),
(225, 'app', 'The amount of vaccine'),
(226, 'app', 'Number'),
(227, 'app', 'Choose the activity type'),
(228, 'app', 'Name Businesses'),
(229, 'app', 'Special Code'),
(230, 'app', 'Main page'),
(231, 'app', 'Type activity'),
(232, 'app', 'View all'),
(233, 'app', 'Diagnose list'),
(234, 'app', 'Disease degree'),
(235, 'app', 'Details'),
(236, 'app', 'Photo'),
(237, 'app', 'Created date'),
(238, 'app', 'Add contravention'),
(239, 'app', 'Add ban'),
(240, 'app', 'Start Date'),
(241, 'app', 'End Date'),
(242, 'app', 'Comment'),
(243, 'app', 'Date'),
(244, 'app', 'History of company'),
(245, 'app', 'Preparat'),
(246, 'app', 'Prixod name'),
(247, 'app', 'Vaksina name'),
(248, 'app', 'Not seen '),
(249, 'app', 'Control Panel'),
(250, 'app', 'Reference settings'),
(251, 'app', 'Arrival & Distribution'),
(252, 'app', 'Human resources'),
(253, 'next', 'Arrival & Distribution'),
(254, 'next', 'Human resources'),
(255, 'app', 'Arrival'),
(256, 'app', 'Distribution'),
(257, 'app', 'Last distributions'),
(259, 'app', 'All employees'),
(260, 'app', 'Add employee'),
(261, 'app', 'Others'),
(262, 'app', 'Employee work out'),
(263, 'app', 'Tuman not found'),
(264, 'app', 'Human recources'),
(265, 'app', 'The remainder'),
(266, 'app', 'Employee work out'),
(267, 'app', 'Real count'),
(268, 'app', 'Not active'),
(269, 'app', 'Owner'),
(270, 'app', 'User'),
(271, 'app', 'Data'),
(272, 'app', 'Information by incomings'),
(273, 'app', 'Information by Diseases'),
(274, 'app', 'Information by users'),
(275, 'app', 'Most sepereted 3 diseases'),
(276, 'app', 'Distributed Series'),
(277, 'app', 'My profile'),
(278, 'app', 'Settings'),
(279, 'app', 'Logout'),
(280, 'app', 'Action'),
(281, 'app', 'Town'),
(282, 'app', 'Email'),
(283, 'app', 'Image'),
(284, 'app', 'Lastname'),
(285, 'app', 'Firstname'),
(286, 'app', 'Middlename'),
(287, 'app', 'Phone number'),
(288, 'app', 'Select group'),
(289, 'app', 'Repeat rassword'),
(290, 'app', 'Select region'),
(291, 'app', 'Choose the town'),
(292, 'app', 'Edit Personal Info'),
(293, 'app', 'Edit Profile Info'),
(294, 'app', 'Old Password'),
(295, 'app', 'New Password'),
(296, 'app', 'Repeat new password'),
(297, 'app', 'ADMINISTRATOR OF REGION'),
(298, 'app', 'Add other employee'),
(299, 'app', 'Continue'),
(300, 'app', 'Language'),
(301, 'app', 'successfully added'),
(302, 'app', 'Daily report'),
(303, 'app', 'Monthly report'),
(304, 'app', 'Quarterly report'),
(305, 'app', 'Yearly report'),
(306, 'app', 'Download excel'),
(307, 'app', 'Name in russia'),
(308, 'app', 'Name in uzbek'),
(309, 'app', 'Category'),
(310, 'app', 'Dosage'),
(311, 'app', 'Added date'),
(312, 'app', 'Add profile'),
(313, 'app', 'Active'),
(314, 'app', 'Drugs list'),
(316, 'app', 'Drup category'),
(317, 'app', 'Vaccine category'),
(318, 'app', 'Vaccine unit'),
(319, 'app', 'Filter'),
(320, 'app', 'All vaccine'),
(321, 'app', 'Preparat view'),
(322, 'app', 'Region category'),
(323, 'app', 'Edit vaccine'),
(324, 'app', 'File do not uploaded'),
(325, 'app', 'Edit profile'),
(326, 'app', 'Last visit'),
(327, 'app', 'Last name'),
(328, 'app', 'Middle name'),
(329, 'app', 'Cancelled'),
(330, 'app', 'Map link'),
(331, 'app', 'Vaccine settings'),
(332, 'app', 'Disease and animal'),
(333, 'app', 'Hudud'),
(334, 'app', 'Vil prixod'),
(335, 'app', 'Tum prixod'),
(336, 'app', 'Conclusion'),
(337, 'app', 'Conclusion text'),
(338, 'app', 'Recover Password'),
(339, 'app', 'You have an account allready'),
(340, 'app', 'Messages'),
(341, 'app', 'Alerts'),
(342, 'app', 'Page not found'),
(343, 'app', 'The requested URL'),
(344, 'app', 'was not found on this server'),
(345, 'app', 'Email not found'),
(346, 'app', 'The email was sent'),
(347, 'app', 'Check your Inbox'),
(348, 'app', 'If you do not receive this email, please check your Spam folders'),
(349, 'app', 'Go to main page'),
(350, 'app', 'Token not found'),
(351, 'app', 'You changed your password'),
(352, 'app', 'Your new password is generated'),
(353, 'app', 'Hello'),
(354, 'app', 'Reset account password'),
(355, 'app', 'Your new password'),
(357, 'app', 'With respect'),
(358, 'app', 'All rights reserved'),
(359, 'app', 'Someone (possibly not you) requested a password reset on the site, to reset, press the button'),
(360, 'app', 'Reset the password'),
(361, 'app', 'If it was not You, then just ignore this letter'),
(362, 'app', 'If for some reason you cannot click the \"Reset Password\" button, then copy the link into your browser and click on it'),
(363, 'app', 'Denied'),
(364, 'app', 'Read all'),
(365, 'app', 'Message'),
(366, 'app', 'Property'),
(367, 'app', 'You have a new message in the VET system'),
(368, 'app', 'Not set'),
(369, 'app', 'Choose'),
(370, 'app', 'Personal information'),
(372, 'app', 'Not visit'),
(373, 'app', 'About'),
(374, 'app', 'History'),
(375, 'app', 'Contact Info'),
(376, 'app', 'Welcome to the User profile'),
(377, 'app', 'User group'),
(378, 'app', 'Personal'),
(379, 'app', 'Change password'),
(380, 'app', 'Generate password'),
(381, 'app', 'Password confirmation is not valid'),
(382, 'app', 'Re-enter the password again'),
(383, 'app', 'Unblock User'),
(384, 'app', 'Lock user'),
(385, 'app', 'Select a group to use'),
(386, 'app', 'Update data'),
(387, 'app', 'Amount of vaccine'),
(388, 'app', 'Distributed'),
(389, 'app', 'Balance'),
(390, 'app', 'Vaccine balance'),
(391, 'app', 'Vaccine deficit'),
(392, 'app', 'Download'),
(394, 'app', 'Residue'),
(395, 'app', 'Today'),
(396, 'app', 'Temperature'),
(397, 'app', 'For vaccine'),
(398, 'app', 'Vaccine territory'),
(399, 'app', 'Animal type and age'),
(400, 'app', 'Vaccine era'),
(401, 'app', 'Revaccine'),
(402, 'app', 'Immunitet'),
(403, 'app', 'Vaccine time'),
(404, 'app', 'Laboratoriya diagnos'),
(405, 'app', 'Vaccine requirements and restrictions'),
(406, 'app', 'Profilaktik'),
(407, 'app', 'Required'),
(408, 'app', 'emlash'),
(409, 'app', 'emlama'),
(410, 'app', 'Not Registered'),
(411, 'app', 'Owner reports'),
(412, 'app', 'Vaksinatsiya report'),
(413, 'app', 'Diagnose report'),
(414, 'app', 'Report by type'),
(415, 'app', 'Reports'),
(416, 'app', 'Cooperation'),
(417, 'app', 'Diagnose'),
(418, 'app', 'Handbook'),
(419, 'app', 'Security'),
(420, 'app', 'Owners');

-- --------------------------------------------------------

--
-- Структура таблицы `uni_account`
--

CREATE TABLE `uni_account` (
  `id` int(11) NOT NULL,
  `company_id` int(11) NOT NULL,
  `summa` int(11) NOT NULL,
  `status` int(11) NOT NULL
) ENGINE=MyISAM DEFAULT CHARSET=utf8;

-- --------------------------------------------------------

--
-- Структура таблицы `uni_configuration`
--

CREATE TABLE `uni_configuration` (
  `id` int(11) NOT NULL,
  `name` varchar(45) NOT NULL,
  `value` text NOT NULL
) ENGINE=InnoDB DEFAULT CHARSET=utf8;

--
-- Дамп данных таблицы `uni_configuration`
--

INSERT INTO `uni_configuration` (`id`, `name`, `value`) VALUES
(1, 'theme', 'theme_light.css'),
(2, 'ftp', 'a:7:{s:7:\"address\";s:13:\"192.168.1.251\";s:4:\"port\";s:2:\"21\";s:4:\"user\";s:8:\"ftp_user\";s:8:\"password\";s:8:\"ftp_user\";s:10:\"mainfolder\";s:7:\"docflow\";s:6:\"action\";s:7:\"saveftp\";s:5:\"_csrf\";s:56:\"MF9ab3NHcEQBbw8KJT0HHXslGyI4NidxAShrDiIYHh1RLw44GCMlFw==\";}');

-- --------------------------------------------------------

--
-- Структура таблицы `uni_country`
--

CREATE TABLE `uni_country` (
  `id` int(11) NOT NULL,
  `title` varchar(100) NOT NULL
) ENGINE=InnoDB DEFAULT CHARSET=utf8;

--
-- Дамп данных таблицы `uni_country`
--

INSERT INTO `uni_country` (`id`, `title`) VALUES
(1, 'Uzbekistan'),
(2, 'Afghanistan'),
(3, 'Albania'),
(4, 'Algeria'),
(5, 'American Samoa'),
(6, 'Andorra'),
(7, 'Angola'),
(8, 'Anguilla'),
(9, 'Antarctica'),
(10, 'Antigua and Barbuda'),
(11, 'Argentina'),
(12, 'Armenia'),
(13, 'Armenia'),
(14, 'Aruba'),
(15, 'Australia'),
(16, 'Austria'),
(17, 'Azerbaijan'),
(18, 'Azerbaijan'),
(19, 'Bahamas'),
(20, 'Bahrain'),
(21, 'Bangladesh'),
(22, 'Barbados'),
(23, 'Belarus'),
(24, 'Belgium'),
(25, 'Belize'),
(26, 'Benin'),
(27, 'Bermuda'),
(28, 'Bhutan'),
(29, 'Bolivia'),
(30, 'Bosnia and Herzegovina'),
(31, 'Botswana'),
(32, 'Bouvet Island'),
(33, 'Brazil'),
(34, 'British Indian Ocean Territory'),
(35, 'Brunei Darussalam'),
(36, 'Bulgaria'),
(37, 'Burkina Faso'),
(38, 'Burundi'),
(39, 'Cambodia'),
(40, 'Cameroon'),
(41, 'Canada'),
(42, 'Cape Verde'),
(43, 'Cayman Islands'),
(44, 'Central African Republic'),
(45, 'Chad'),
(46, 'Chile'),
(47, 'China'),
(48, 'Christmas Island'),
(49, 'Cocos (Keeling) Islands'),
(50, 'Colombia'),
(51, 'Comoros'),
(52, 'Congo'),
(53, 'Congo, The Democratic Republic of The'),
(54, 'Cook Islands'),
(55, 'Costa Rica'),
(56, 'Cote D\'ivoire'),
(57, 'Croatia'),
(58, 'Cuba'),
(59, 'Cyprus'),
(60, 'Czech Republic'),
(61, 'Denmark'),
(62, 'Djibouti'),
(63, 'Dominica'),
(64, 'Dominican Republic'),
(65, 'Easter Island'),
(66, 'Ecuador'),
(67, 'Egypt'),
(68, 'El Salvador'),
(69, 'Equatorial Guinea'),
(70, 'Eritrea'),
(71, 'Estonia'),
(72, 'Ethiopia'),
(73, 'Falkland Islands (Malvinas)'),
(74, 'Faroe Islands'),
(75, 'Fiji'),
(76, 'Finland'),
(77, 'France'),
(78, 'French Guiana'),
(79, 'French Polynesia'),
(80, 'French Southern Territories'),
(81, 'Gabon'),
(82, 'Gambia'),
(83, 'Georgia'),
(84, 'Germany'),
(85, 'Ghana'),
(86, 'Gibraltar'),
(87, 'Greece'),
(88, 'Greenland'),
(89, 'Grenada'),
(90, 'Guadeloupe'),
(91, 'Guam'),
(92, 'Guatemala'),
(93, 'Guinea'),
(94, 'Guinea-bissau'),
(95, 'Guyana'),
(96, 'Haiti'),
(97, 'Heard Island and Mcdonald Islands'),
(98, 'Honduras'),
(99, 'Hong Kong'),
(100, 'Hungary'),
(101, 'Iceland'),
(102, 'India'),
(103, 'Indonesia'),
(104, 'Indonesia'),
(105, 'Iran'),
(106, 'Iraq'),
(107, 'Ireland'),
(108, 'Israel'),
(109, 'Italy'),
(110, 'Jamaica'),
(111, 'Japan'),
(112, 'Jordan'),
(113, 'Kazakhstan'),
(114, 'Kazakhstan'),
(115, 'Kenya'),
(116, 'Kiribati'),
(117, 'Korea, North'),
(118, 'Korea, South'),
(119, 'Kosovo'),
(120, 'Kuwait'),
(121, 'Kyrgyzstan'),
(122, 'Laos'),
(123, 'Latvia'),
(124, 'Lebanon'),
(125, 'Lesotho'),
(126, 'Liberia'),
(127, 'Libyan Arab Jamahiriya'),
(128, 'Liechtenstein'),
(129, 'Lithuania'),
(130, 'Luxembourg'),
(131, 'Macau'),
(132, 'Macedonia'),
(133, 'Madagascar'),
(134, 'Malawi'),
(135, 'Malaysia'),
(136, 'Maldives'),
(137, 'Mali'),
(138, 'Malta'),
(139, 'Marshall Islands'),
(140, 'Martinique'),
(141, 'Mauritania'),
(142, 'Mauritius'),
(143, 'Mayotte'),
(144, 'Mexico'),
(145, 'Micronesia, Federated States of'),
(146, 'Moldova, Republic of'),
(147, 'Monaco'),
(148, 'Mongolia'),
(149, 'Montenegro'),
(150, 'Montserrat'),
(151, 'Morocco'),
(152, 'Mozambique'),
(153, 'Myanmar'),
(154, 'Namibia'),
(155, 'Nauru'),
(156, 'Nepal'),
(157, 'Netherlands'),
(158, 'Netherlands Antilles'),
(159, 'New Caledonia'),
(160, 'New Zealand'),
(161, 'Nicaragua'),
(162, 'Niger'),
(163, 'Nigeria'),
(164, 'Niue'),
(165, 'Norfolk Island'),
(166, 'Northern Mariana Islands'),
(167, 'Norway'),
(168, 'Oman'),
(169, 'Pakistan'),
(170, 'Palau'),
(171, 'Palestinian Territory'),
(172, 'Panama'),
(173, 'Papua New Guinea'),
(174, 'Paraguay'),
(175, 'Peru'),
(176, 'Philippines'),
(177, 'Pitcairn'),
(178, 'Poland'),
(179, 'Portugal'),
(180, 'Puerto Rico'),
(181, 'Qatar'),
(182, 'Reunion'),
(183, 'Romania'),
(184, 'Russia'),
(185, 'Russia'),
(186, 'Rwanda'),
(187, 'Saint Helena'),
(188, 'Saint Kitts and Nevis'),
(189, 'Saint Lucia'),
(190, 'Saint Pierre and Miquelon'),
(191, 'Saint Vincent and The Grenadines'),
(192, 'Samoa'),
(193, 'San Marino'),
(194, 'Sao Tome and Principe'),
(195, 'Saudi Arabia'),
(196, 'Senegal'),
(197, 'Serbia and Montenegro'),
(198, 'Seychelles'),
(199, 'Sierra Leone'),
(200, 'Singapore'),
(201, 'Slovakia'),
(202, 'Slovenia'),
(203, 'Solomon Islands'),
(204, 'Somalia'),
(205, 'South Africa'),
(206, 'South Georgia and The South Sandwich Islands'),
(207, 'Spain'),
(208, 'Sri Lanka'),
(209, 'Sudan'),
(210, 'Suriname'),
(211, 'Svalbard and Jan Mayen'),
(212, 'Swaziland'),
(213, 'Sweden'),
(214, 'Switzerland'),
(215, 'Syria'),
(216, 'Taiwan'),
(217, 'Tajikistan'),
(218, 'Tanzania, United Republic of'),
(219, 'Thailand'),
(220, 'Timor-leste'),
(221, 'Togo'),
(222, 'Tokelau'),
(223, 'Tonga'),
(224, 'Trinidad and Tobago'),
(225, 'Tunisia'),
(226, 'Turkey'),
(227, 'Turkey'),
(228, 'Turkmenistan'),
(229, 'Turks and Caicos Islands'),
(230, 'Tuvalu'),
(231, 'Uganda'),
(232, 'Ukraine'),
(233, 'United Arab Emirates'),
(234, 'United Kingdom'),
(235, 'United States'),
(236, 'United States Minor Outlying Islands'),
(237, 'Uruguay'),
(238, 'Vanuatu'),
(239, 'Vatican City'),
(240, 'Venezuela'),
(241, 'Vietnam'),
(242, 'Virgin Islands, British'),
(243, 'Virgin Islands, U.S.'),
(244, 'Wallis and Futuna'),
(245, 'Western Sahara'),
(246, 'Yemen'),
(247, 'Yemen'),
(248, 'Zambia'),
(249, 'Zimbabwe');

-- --------------------------------------------------------

--
-- Структура таблицы `uni_drug_category`
--

CREATE TABLE `uni_drug_category` (
  `id` int(11) NOT NULL,
  `name_ru` varchar(128) NOT NULL,
  `name_uz` varchar(128) NOT NULL,
  `user_id` int(11) NOT NULL,
  `created_at` int(11) NOT NULL,
  `update_at` int(11) DEFAULT NULL,
  `status` int(11) NOT NULL DEFAULT '1'
) ENGINE=InnoDB DEFAULT CHARSET=utf8;

-- --------------------------------------------------------

--
-- Структура таблицы `uni_drug_turi`
--

CREATE TABLE `uni_drug_turi` (
  `id` int(11) NOT NULL,
  `name_ru` varchar(128) NOT NULL,
  `name_uz` varchar(128) NOT NULL,
  `user_id` int(11) NOT NULL,
  `category_id` int(11) DEFAULT NULL,
  `created_at` int(11) NOT NULL,
  `updated_at` int(11) DEFAULT NULL,
  `status` int(11) NOT NULL DEFAULT '1'
) ENGINE=InnoDB DEFAULT CHARSET=utf8;

--
-- Дамп данных таблицы `uni_drug_turi`
--

INSERT INTO `uni_drug_turi` (`id`, `name_ru`, `name_uz`, `user_id`, `category_id`, `created_at`, `updated_at`, `status`) VALUES
(1, 'Иилар учун', 'Itlar', 52, 1543398857, 1543398857, 1543657556, 1),
(2, 'Касал', 'dori', 52, 1543398956, 1543398956, 1543652181, 1),
(3, 'Моллар', 'Mollar', 52, 1543399605, 1543399605, 1544006998, 1);

-- --------------------------------------------------------

--
-- Структура таблицы `uni_groups`
--

CREATE TABLE `uni_groups` (
  `id` int(11) NOT NULL,
  `groupp` varchar(200) NOT NULL,
  `title` varchar(200) NOT NULL,
  `active` tinyint(1) NOT NULL,
  `created` bigint(15) NOT NULL,
  `rank` int(1) NOT NULL
) ENGINE=InnoDB DEFAULT CHARSET=utf8;

--
-- Дамп данных таблицы `uni_groups`
--

INSERT INTO `uni_groups` (`id`, `groupp`, `title`, `active`, `created`, `rank`) VALUES
(7, 'ADMIN', 'Администатор', 1, 1474369702, 1),
(14, 'ROOT', 'SYSTEM', 0, 1474369742, 0),
(17, 'VET', 'VETIRINAR', 1, 1474836475, 5),
(19, 'HEAD', 'HEADER', 1, 0, 1),
(20, 'PREP', 'PREPARATS', 1, 0, 2),
(21, 'LAB', 'LABORATORY', 1, 2, 2),
(22, 'LAB_VIL', 'LABORATORY OF REGION', 1, 1, 3),
(23, 'LAB_TUM', 'LABORATORY OF CITY OR TOWN', 1, 1, 4),
(24, 'ADMIN_VIL', 'ADMINISTRATOR OF REGION', 1, 1, 3),
(25, 'ADMIN_TUM', 'ADMINISTRATOR OF CITY OR TOWN', 1, 1, 4),
(26, 'INS', 'INSPECTIONS OF THE REPUBLIC', 1, 1, 2),
(27, 'INS_VIL', 'INSPECTION OF REGION', 1, 1, 3),
(28, 'INS_TUM', 'INSPECTION OF CITY OR TOWN', 1, 1, 4),
(29, 'MARKET', 'MARKET', 0, 1, 3),
(30, 'BOJ', 'BOJXONA', 0, 1, 3);

-- --------------------------------------------------------

--
-- Структура таблицы `uni_groups_modules`
--

CREATE TABLE `uni_groups_modules` (
  `group_id` int(11) NOT NULL,
  `module_id` int(11) NOT NULL
) ENGINE=InnoDB DEFAULT CHARSET=utf8;

-- --------------------------------------------------------

--
-- Структура таблицы `uni_groups_users`
--

CREATE TABLE `uni_groups_users` (
  `user_id` int(11) NOT NULL,
  `group_id` int(11) NOT NULL
) ENGINE=InnoDB DEFAULT CHARSET=utf8;

--
-- Дамп данных таблицы `uni_groups_users`
--

INSERT INTO `uni_groups_users` (`user_id`, `group_id`) VALUES
(52, 7),
(52, 10),
(52, 14),
(91, 18),
(92, 17),
(93, 18),
(94, 17),
(95, 18),
(96, 18),
(97, 17),
(98, 17),
(99, 18),
(100, 18),
(101, 18),
(102, 18),
(103, 18),
(104, 18),
(105, 18),
(106, 18),
(107, 18),
(108, 17),
(110, 18),
(109, 18),
(112, 14),
(116, 16),
(114, 16),
(118, 18),
(118, 25),
(125, 25),
(126, 25),
(127, 25),
(128, 25),
(129, 25),
(130, 25),
(131, 25),
(132, 25),
(133, 25),
(134, 25),
(135, 25),
(136, 25),
(137, 25),
(138, 25),
(139, 24),
(140, 24),
(141, 25),
(142, 17),
(143, 17),
(144, 24),
(145, 24),
(146, 24),
(147, 24),
(148, 24),
(149, 24),
(150, 24),
(151, 24),
(152, 24),
(153, 24),
(154, 24),
(155, 24),
(156, 24),
(157, 24),
(158, 17),
(159, 24);

-- --------------------------------------------------------

--
-- Структура таблицы `uni_lang`
--

CREATE TABLE `uni_lang` (
  `id` int(11) UNSIGNED NOT NULL,
  `url` varchar(255) NOT NULL,
  `local` varchar(255) NOT NULL,
  `name` varchar(255) NOT NULL,
  `defaultl` int(11) NOT NULL,
  `date_update` int(11) NOT NULL,
  `date_create` int(11) NOT NULL
) ENGINE=InnoDB DEFAULT CHARSET=utf8;

--
-- Дамп данных таблицы `uni_lang`
--

INSERT INTO `uni_lang` (`id`, `url`, `local`, `name`, `defaultl`, `date_update`, `date_create`) VALUES
(1, 'uz', 'uz_UZ', 'O\'zbek', 0, 0, 0),
(2, 'ru', 'ru_RU', 'Русский', 1, 1, 1),
(3, 'en', 'en_US', 'English', 0, 8, 8);

-- --------------------------------------------------------

--
-- Структура таблицы `uni_modules`
--

CREATE TABLE `uni_modules` (
  `id` int(11) NOT NULL,
  `code` varchar(100) NOT NULL,
  `title` varchar(200) NOT NULL,
  `description` varchar(500) NOT NULL,
  `active` tinyint(1) NOT NULL,
  `icon` varchar(100) DEFAULT NULL,
  `sort` tinyint(3) DEFAULT NULL,
  `created` int(15) NOT NULL
) ENGINE=InnoDB DEFAULT CHARSET=utf8;

--
-- Дамп данных таблицы `uni_modules`
--

INSERT INTO `uni_modules` (`id`, `code`, `title`, `description`, `active`, `icon`, `sort`, `created`) VALUES
(1, 'cpanel', 'Control Panel', '', 1, 'fa fa-cog', 9, 1444369702),
(2, 'filemanager', 'File Manager', '', 1, 'fa fa-cog', 12, 1444369702),
(3, 'chat', 'Chat system', '', 1, 'fa fa-envelope', 15, 1444369704),
(4, 'techsupport', 'Technical support', '', 1, 'fa fa-cog', 8, 1444369706),
(6, 'hr', 'HR', '', 1, 'fa fa-cog', 2, 1444369717),
(7, 'edoc', 'EDOC', '', 1, 'fa fa-blog', 1, 1444369722),
(8, 'api', 'Api', '', 1, 'fa fa-link', 20, 1444385784),
(9, 'admin', 'Adminstration', '', 1, 'fa fa-cog', 10, 1444491300),
(10, 'users', 'User module', 'Фойдаланувчиларни бошқариш модули', 1, 'fa fa-cog', 3, 1543414198),
(11, 'settings', 'Settings module', 'Маълумотнома бўлими', 1, 'fa fa-cog', 4, 1543414198),
(12, 'arrival', 'Arrival module', 'Приходларни бошқариш модули', 1, 'fa fa-cog', 5, 1543414198),
(13, 'reestr', 'Reestr module', 'Реестрлар бўйича модул', 1, 'fa fa-cog', 6, 1543414198),
(14, 'vaksinatsiya', 'Vaccine module', 'Вакцинациялар модули', 1, 'fa fa-cog', 7, 1543414198),
(15, 'preparat', 'Preparat module', 'Дори-дармон модули', 1, 'fa fa-cog', 11, 1543414198);

-- --------------------------------------------------------

--
-- Структура таблицы `uni_notification`
--

CREATE TABLE `uni_notification` (
  `id` int(11) NOT NULL,
  `type` int(1) NOT NULL,
  `user_id` int(11) NOT NULL,
  `status` int(1) NOT NULL,
  `confirmation` int(1) NOT NULL,
  `message` varchar(1024) NOT NULL,
  `created_date` int(11) NOT NULL,
  `role_id` int(1) NOT NULL,
  `action_page` varchar(1024) NOT NULL,
  `owner_id` int(11) NOT NULL
) ENGINE=InnoDB DEFAULT CHARSET=utf8;

--
-- Дамп данных таблицы `uni_notification`
--

INSERT INTO `uni_notification` (`id`, `type`, `user_id`, `status`, `confirmation`, `message`, `created_date`, `role_id`, `action_page`, `owner_id`) VALUES
(1, 1, 0, 1, 0, 'Bu xabar o\'quvchilarga', -3600, 17, 'cascsdvsdv', 0),
(2, 2, 0, 1, 0, 'Bu xabar o\'qituvchilarga', 1509141600, 18, 'ascacascas', 98),
(3, 3, 0, 0, 0, 'z Z Z', 1509141600, 17, 'Z Z zcas', 98),
(4, 4, 69, 1, 0, 'xaxaxax', 1509222431, 7, 'xaxaxaxaxax', 98),
(5, 1, 52, 1, 0, '<b>New incoming prixod</b> ', 1544770743, 0, '', 52),
(6, 1, 2, 1, 0, '<b>New incoming prixod</b> ', 1544771336, 0, '', 52),
(7, 1, 2, 1, 0, '<b>New incoming prixod</b> ', 1544772362, 0, '', 52),
(8, 1, 3, 1, 0, '<b>New incoming prixod</b> ', 1545643401, 0, '', 52),
(9, 1, 124, 1, 0, 'New disease', 1553771075, 0, 'diagnose', 0),
(10, 1, 124, 1, 0, 'New disease', 1553772012, 0, 'diagnose', 0),
(11, 1, 124, 1, 0, 'New disease', 1553772026, 0, 'diagnose', 0),
(12, 1, 124, 1, 0, 'New disease', 1553772085, 0, 'diagnose', 0),
(13, 1, 124, 1, 0, 'New disease', 1553778120, 0, 'diagnose', 0),
(14, 1, 124, 1, 0, 'New disease', 1553782066, 0, 'diagnose', 0),
(15, 1, 124, 1, 0, 'New disease', 1553782108, 0, 'diagnose', 0),
(16, 1, 124, 1, 0, 'New disease', 1553782130, 0, 'diagnose', 0),
(17, 1, 124, 1, 0, 'New disease', 1553782179, 0, 'diagnose', 0),
(18, 1, 124, 1, 0, 'New disease', 1553782194, 0, 'diagnose', 0),
(19, 1, 124, 1, 0, 'New disease', 1553782373, 0, 'diagnose', 0),
(20, 1, 124, 1, 0, 'New disease', 1553782414, 0, 'diagnose', 0),
(21, 1, 124, 1, 0, 'New disease', 1553782453, 0, 'diagnose', 0),
(22, 1, 124, 1, 0, 'New disease', 1553782852, 0, 'diagnose', 0),
(23, 1, 124, 1, 0, 'New disease', 1553782901, 0, 'diagnose', 0);

-- --------------------------------------------------------

--
-- Структура таблицы `uni_tuman`
--

CREATE TABLE `uni_tuman` (
  `id` int(11) NOT NULL,
  `name_uz` varchar(128) NOT NULL,
  `viloyat_id` smallint(6) NOT NULL,
  `status` int(1) NOT NULL DEFAULT '1',
  `name_ru` varchar(128) NOT NULL,
  `user_id` int(11) NOT NULL,
  `created_at` int(11) NOT NULL,
  `updated_at` int(11) NOT NULL
) ENGINE=InnoDB DEFAULT CHARSET=utf8;

--
-- Дамп данных таблицы `uni_tuman`
--

INSERT INTO `uni_tuman` (`id`, `name_uz`, `viloyat_id`, `status`, `name_ru`, `user_id`, `created_at`, `updated_at`) VALUES
(1, 'Amudaryo tumani', 1, 1, 'Amudaryo tumani', 0, 0, 0),
(2, 'Beruniy tumani', 1, 1, 'Beruniy tumani', 0, 0, 0),
(3, 'Kegayli tumani', 1, 1, 'Kegayli tumani', 0, 0, 0),
(4, 'Qonliko\'l tumani', 1, 1, 'Qonliko\'l tumani', 0, 0, 0),
(5, 'Qorao\'zak tumani', 1, 1, 'Qorao\'zak tumani', 0, 0, 0),
(6, 'Qo\'ng\'irot tumani', 1, 1, 'Qo\'ng\'irot tumani', 0, 0, 0),
(7, 'Mo\'ynoq tumani', 1, 1, 'Mo\'ynoq tumani', 0, 0, 0),
(8, 'Nukus tumani', 1, 1, 'Nukus tumani', 0, 0, 0),
(9, 'Nukus shahar', 1, 1, 'Nukus shahar', 0, 0, 0),
(10, 'Taxtako\'pir tumani', 1, 1, 'Taxtako\'pir tumani', 0, 0, 0),
(11, 'To\'rtko\'l tumani', 1, 1, 'To\'rtko\'l tumani', 0, 0, 0),
(12, 'Xo\'jayli tumani', 1, 1, 'Xo\'jayli tumani', 0, 0, 0),
(13, 'Chimboy tumani', 1, 1, 'Chimboy tumani', 0, 0, 0),
(14, 'Shumanay tumani', 1, 1, 'Shumanay tumani', 0, 0, 0),
(15, 'Ellikqal\'a tumani', 1, 1, 'Ellikqal\'a tumani', 0, 0, 0),
(16, 'Andijon shahri', 2, 1, 'Andijon shahri', 0, 0, 0),
(17, 'Andijon tumani', 2, 1, 'Andijon tumani', 0, 0, 0),
(18, 'Asaka tumani', 2, 1, 'Asaka tumani', 0, 0, 0),
(19, 'Baliqchi tumani', 2, 1, 'Baliqchi tumani', 0, 0, 0),
(20, 'Buloqboshi tumani', 2, 1, 'Buloqboshi tumani', 0, 0, 0),
(21, 'Bo\'z tumani', 2, 1, 'Bo\'z tumani', 0, 0, 0),
(22, 'Jalaquduq tumani', 2, 1, 'Jalaquduq tumani', 0, 0, 0),
(23, 'Izboskan tumani', 2, 1, 'Izboskan tumani', 0, 0, 0),
(24, 'Qorasuv shahri', 2, 1, 'Qorasuv shahri', 0, 0, 0),
(25, 'Qo\'rg\'ontepa tumani', 2, 1, 'Qo\'rg\'ontepa tumani', 0, 0, 0),
(26, 'Marhamat tumani', 2, 1, 'Marhamat tumani', 0, 0, 0),
(27, 'Oltinko\'l tumani', 2, 1, 'Oltinko\'l tumani', 0, 0, 0),
(28, 'Paxtaobod tumani', 2, 1, 'Paxtaobod tumani', 0, 0, 0),
(29, 'Ulug\'nor tumani', 2, 1, 'Ulug\'nor tumani', 0, 0, 0),
(30, 'Xonobod shahri', 2, 1, 'Xonobod shahri', 0, 0, 0),
(31, 'Xo\'jaobod tumani', 2, 1, 'Xo\'jaobod tumani', 0, 0, 0),
(32, 'Shaxrixon tumani', 2, 1, 'Shaxrixon tumani', 0, 0, 0),
(33, 'Buxoro shahri', 3, 1, 'Buxoro shahri', 0, 0, 0),
(34, 'Buxoro tumani', 3, 1, 'Buxoro tumani', 0, 0, 0),
(35, 'Vobkent tumani', 3, 1, 'Vobkent tumani', 0, 0, 0),
(36, 'G\'ijduvon tumani', 3, 1, 'G\'ijduvon tumani', 0, 0, 0),
(37, 'Jondor tumani', 3, 1, 'Jondor tumani', 0, 0, 0),
(38, 'Kogon tumani', 3, 1, 'Kogon tumani', 0, 0, 0),
(39, 'Kogon shahri', 3, 1, 'Kogon shahri', 0, 0, 0),
(40, 'Qorako\'l tumani', 3, 1, 'Qorako\'l tumani', 0, 0, 0),
(41, 'Qorovulbozor tumani', 3, 1, 'Qorovulbozor tumani', 0, 0, 0),
(42, 'Olot tumani', 3, 1, 'Olot tumani', 0, 0, 0),
(43, 'Peshku tumani', 3, 1, 'Peshku tumani', 0, 0, 0),
(44, 'Romitan tumani', 3, 1, 'Romitan tumani', 0, 0, 0),
(45, 'Shofirkon tumani', 3, 1, 'Shofirkon tumani', 0, 0, 0),
(46, 'Arnasoy tumani', 4, 1, 'Arnasoy tumani', 0, 0, 0),
(47, 'Baxmal tumani', 4, 1, 'Baxmal tumani', 0, 0, 0),
(48, 'G\'allaorol tumani', 4, 1, 'G\'allaorol tumani', 0, 0, 0),
(49, 'Do\'stlik tumani', 4, 1, 'Do\'stlik tumani', 0, 0, 0),
(50, 'Jizzax tumani', 4, 1, 'Jizzax tumani', 0, 0, 0),
(51, 'Jizzax shahri', 4, 1, 'Jizzax shahri', 0, 0, 0),
(52, 'Zarbdor tumani', 4, 1, 'Zarbdor tumani', 0, 0, 0),
(53, 'Zafarobod tumani', 4, 1, 'Zafarobod tumani', 0, 0, 0),
(54, 'Zomin tumani', 4, 1, 'Zomin tumani', 0, 0, 0),
(55, 'Mirzacho\'l tumani', 4, 1, 'Mirzacho\'l tumani', 0, 0, 0),
(56, 'Paxtakor tumani', 4, 1, 'Paxtakor tumani', 0, 0, 0),
(57, 'Forish tumani', 4, 1, 'Forish tumani', 0, 0, 0),
(58, 'Yangiobod tumani', 4, 1, 'Yangiobod tumani', 0, 0, 0),
(59, 'G\'uzor tumani', 5, 1, 'G\'uzor tumani', 0, 0, 0),
(60, 'Dehqonobod tumani', 5, 1, 'Dehqonobod tumani', 0, 0, 0),
(61, 'Qamashi tumani', 5, 1, 'Qamashi tumani', 0, 0, 0),
(62, 'Qarshi tumani', 5, 1, 'Qarshi tumani', 0, 0, 0),
(63, 'Qarshi shahri', 5, 1, 'Qarshi shahri', 0, 0, 0),
(64, 'Kasbi tumani', 5, 1, 'Kasbi tumani', 0, 0, 0),
(65, 'Kitob tumani', 5, 1, 'Kitob tumani', 0, 0, 0),
(66, 'Koson tumani', 5, 1, 'Koson tumani', 0, 0, 0),
(67, 'Mirishkor tumani', 5, 1, 'Mirishkor tumani', 0, 0, 0),
(68, 'Muborak tumani', 5, 1, 'Muborak tumani', 0, 0, 0),
(69, 'Nishon tumani', 5, 1, 'Nishon tumani', 0, 0, 0),
(70, 'Chiroqchi tumani', 5, 1, 'Chiroqchi tumani', 0, 0, 0),
(71, 'Shahrisabz tumani', 5, 1, 'Shahrisabz tumani', 0, 0, 0),
(72, 'Yakkabog\' tumani', 5, 1, 'Yakkabog\' tumani', 0, 0, 0),
(73, 'Zarafshon shahri', 6, 1, 'Zarafshon shahri', 0, 0, 0),
(74, 'Karmana tumani', 6, 1, 'Karmana tumani', 0, 0, 0),
(75, 'Qiziltepa tumani', 6, 1, 'Qiziltepa tumani', 0, 0, 0),
(76, 'Konimex tumani', 6, 1, 'Konimex tumani', 0, 0, 0),
(77, 'Navbahor tumani', 6, 1, 'Navbahor tumani', 0, 0, 0),
(78, 'Navoiy shahri', 6, 1, 'Navoiy shahri', 0, 0, 0),
(79, 'Nurota tumani', 6, 1, 'Nurota tumani', 0, 0, 0),
(80, 'Tomdi tumani', 6, 1, 'Tomdi tumani', 0, 0, 0),
(81, 'Uchquduq tumani', 6, 1, 'Uchquduq tumani', 0, 0, 0),
(82, 'Xatirchi tumani', 6, 1, 'Xatirchi tumani', 0, 0, 0),
(83, 'Kosonsoy tumani', 7, 1, 'Kosonsoy tumani', 0, 0, 0),
(84, 'Mingbuloq tumani', 7, 1, 'Mingbuloq tumani', 0, 0, 0),
(85, 'Namangan tumani', 7, 1, 'Namangan tumani', 0, 0, 0),
(86, 'Namangan shahri', 7, 1, 'Namangan shahri', 0, 0, 0),
(87, 'Norin tumani', 7, 1, 'Norin tumani', 0, 0, 0),
(88, 'Pop tumani', 7, 1, 'Pop tumani', 0, 0, 0),
(89, 'To\'raqo\'rg\'on tumani', 7, 1, 'To\'raqo\'rg\'on tumani', 0, 0, 0),
(90, 'Uychi tumani', 7, 1, 'Uychi tumani', 0, 0, 0),
(91, 'Uchqo\'rg\'on tumani', 7, 1, 'Uchqo\'rg\'on tumani', 0, 0, 0),
(92, 'Chortoq tumani', 7, 1, 'Chortoq tumani', 0, 0, 0),
(93, 'Chust tumani', 7, 1, 'Chust tumani', 0, 0, 0),
(94, 'Yangiqo\'rg\'on tumani', 7, 1, 'Yangiqo\'rg\'on tumani', 0, 0, 0),
(95, 'Bulung\'ur tumani', 8, 1, 'Bulung\'ur tumani', 0, 0, 0),
(96, 'Jomboy tumani', 8, 1, 'Jomboy tumani', 0, 0, 0),
(97, 'Ishtixon tumani', 8, 1, 'Ishtixon tumani', 0, 0, 0),
(98, 'Kattaqo\'rg\'on tumani', 8, 1, 'Kattaqo\'rg\'on tumani', 0, 0, 0),
(99, 'Kattaqo\'rg\'on shahri', 8, 1, 'Kattaqo\'rg\'on shahri', 0, 0, 0),
(100, 'Qo\'shrobot tumani', 8, 1, 'Qo\'shrobot tumani', 0, 0, 0),
(101, 'Narpay tumani', 8, 1, 'Narpay tumani', 0, 0, 0),
(102, 'Nurobod tumani', 8, 1, 'Nurobod tumani', 0, 0, 0),
(103, 'Oqdaryo tumani', 8, 1, 'Oqdaryo tumani', 0, 0, 0),
(104, 'Payariq tumani', 8, 1, 'Payariq tumani', 0, 0, 0),
(105, 'Pastdarg\'om tumani', 8, 1, 'Pastdarg\'om tumani', 0, 0, 0),
(106, 'Paxtachi tumani', 8, 1, 'Paxtachi tumani', 0, 0, 0),
(107, 'Samarqand tumani', 8, 1, 'Samarqand tumani', 0, 0, 0),
(108, 'Samarqand shahri', 8, 1, 'Samarqand shahri', 0, 0, 0),
(109, 'Tayloq tumani', 8, 1, 'Tayloq tumani', 0, 0, 0),
(110, 'Urgut tumani', 8, 1, 'Urgut tumani', 0, 0, 0),
(111, 'Angor tumani', 9, 1, 'Angor tumani', 0, 0, 0),
(112, 'Boysun tumani', 9, 1, 'Boysun tumani', 0, 0, 0),
(113, 'Denov tumani', 9, 1, 'Denov tumani', 0, 0, 0),
(114, 'Jarqo\'rg\'on tumani', 9, 1, 'Jarqo\'rg\'on tumani', 0, 0, 0),
(115, 'Qiziriq tumani', 9, 1, 'Qiziriq tumani', 0, 0, 0),
(116, 'Qumqo\'rg\'on tumani', 9, 1, 'Qumqo\'rg\'on tumani', 0, 0, 0),
(117, 'Muzrobot tumani', 9, 1, 'Muzrobot tumani', 0, 0, 0),
(118, 'Oltinsoy tumani', 9, 1, 'Oltinsoy tumani', 0, 0, 0),
(119, 'Sariosiyo tumani', 9, 1, 'Sariosiyo tumani', 0, 0, 0),
(120, 'Termiz tumani', 9, 1, 'Termiz tumani', 0, 0, 0),
(121, 'Termiz shahri', 9, 1, 'Termiz shahri', 0, 0, 0),
(122, 'Uzun tumani', 9, 1, 'Uzun tumani', 0, 0, 0),
(123, 'Sherobod tumani', 9, 1, 'Sherobod tumani', 0, 0, 0),
(124, 'Sho\'rchi tumani', 9, 1, 'Sho\'rchi tumani', 0, 0, 0),
(125, 'Boyovut tumani', 10, 1, 'Boyovut tumani', 0, 0, 0),
(126, 'Guliston tumani', 10, 1, 'Guliston tumani', 0, 0, 0),
(127, 'Guliston shahri', 10, 1, 'Guliston shahri', 0, 0, 0),
(128, 'Mirzaobod tumani', 10, 1, 'Mirzaobod tumani', 0, 0, 0),
(129, 'Oqoltin tumani', 10, 1, 'Oqoltin tumani', 0, 0, 0),
(130, 'Sayxunobod tumani', 10, 1, 'Sayxunobod tumani', 0, 0, 0),
(131, 'Sardoba tumani', 10, 1, 'Sardoba tumani', 0, 0, 0),
(132, 'Sirdaryo tumani', 10, 1, 'Sirdaryo tumani', 0, 0, 0),
(133, 'Xovos tumani', 10, 1, 'Xovos tumani', 0, 0, 0),
(134, 'Shirin shahri', 10, 1, 'Shirin shahri', 0, 0, 0),
(135, 'Yangier shahri', 10, 1, 'Yangier shahri', 0, 0, 0),
(136, 'Angren shahri', 11, 1, 'Angren shahri', 0, 0, 0),
(137, 'Bekobod tumani', 11, 1, 'Bekobod tumani', 0, 0, 0),
(138, 'Bekobod shahri', 11, 1, 'Bekobod shahri', 0, 0, 0),
(139, 'Bo\'ka tumani', 11, 1, 'Bo\'ka tumani', 0, 0, 0),
(140, 'Bo\'stonliq tumani', 11, 1, 'Bo\'stonliq tumani', 0, 0, 0),
(141, 'Zangiota tumani', 11, 1, 'Zangiota tumani', 0, 0, 0),
(142, 'Qibray tumani', 11, 1, 'Qibray tumani', 0, 0, 0),
(143, 'Quyichirchiq tumani', 11, 1, 'Quyichirchiq tumani', 0, 0, 0),
(144, 'Oqqo\'rg\'on tumani', 11, 1, 'Oqqo\'rg\'on tumani', 0, 0, 0),
(145, 'Olmaliq shahri', 11, 1, 'Olmaliq shahri', 0, 0, 0),
(146, 'Ohangaron tumani', 11, 1, 'Ohangaron tumani', 0, 0, 0),
(147, 'Parkent tumani', 11, 1, 'Parkent tumani', 0, 0, 0),
(148, 'Piskent tumani', 11, 1, 'Piskent tumani', 0, 0, 0),
(149, 'O\'rtachirchiq tumani', 11, 1, 'O\'rtachirchiq tumani', 0, 0, 0),
(150, 'Chinoz tumani', 11, 1, 'Chinoz tumani', 0, 0, 0),
(151, 'Chirchiq shahri', 11, 1, 'Chirchiq shahri', 0, 0, 0),
(152, 'Yuqorichirchiq tumani', 11, 1, 'Yuqorichirchiq tumani', 0, 0, 0),
(153, 'Yangiyo\'l tumani', 11, 1, 'Yangiyo\'l tumani', 0, 0, 0),
(154, 'Beshariq tumani', 12, 1, 'Beshariq tumani', 0, 0, 0),
(155, 'Bog\'dod tumani', 12, 1, 'Bog\'dod tumani', 0, 0, 0),
(156, 'Buvayda tumani', 12, 1, 'Buvayda tumani', 0, 0, 0),
(157, 'Dang\'ara tumani', 12, 1, 'Dang\'ara tumani', 0, 0, 0),
(158, 'Yozyovon tumani', 12, 1, 'Yozyovon tumani', 0, 0, 0),
(159, 'Quva tumani', 12, 1, 'Quva tumani', 0, 0, 0),
(160, 'Quvasoy shahri', 12, 1, 'Quvasoy shahri', 0, 0, 0),
(161, 'Qo\'qon shahri', 12, 1, 'Qo\'qon shahri', 0, 0, 0),
(162, 'Qo\'shtepa tumani', 12, 1, 'Qo\'shtepa tumani', 0, 0, 0),
(163, 'Marg\'ilon shahri', 12, 1, 'Marg\'ilon shahri', 0, 0, 0),
(164, 'Oltiariq tumani', 12, 1, 'Oltiariq tumani', 0, 0, 0),
(165, 'Rishton tumani', 12, 1, 'Rishton tumani', 0, 0, 0),
(166, 'So\'x tumani', 12, 1, 'So\'x tumani', 0, 0, 0),
(167, 'Toshloq tumani', 12, 1, 'Toshloq tumani', 0, 0, 0),
(168, 'Uchko\'prik tumani', 12, 1, 'Uchko\'prik tumani', 0, 0, 0),
(169, 'O\'zbekiston tumani', 12, 1, 'O\'zbekiston tumani', 0, 0, 0),
(170, 'Farg\'ona tumani', 12, 1, 'Farg\'ona tumani', 0, 0, 0),
(171, 'Farg\'ona shahri', 12, 1, 'Farg\'ona shahri', 0, 0, 0),
(172, 'Furqat tumani', 12, 1, 'Furqat tumani', 0, 0, 0),
(173, 'Bog\'ot tumani', 13, 1, 'Bog\'ot tumani', 0, 0, 0),
(174, 'Gurlan tumani', 13, 1, 'Gurlan tumani', 0, 0, 0),
(175, 'Qo\'shko\'pir tumani', 13, 1, 'Qo\'shko\'pir tumani', 0, 0, 0),
(176, 'Urganch tumani', 13, 1, 'Urganch tumani', 0, 0, 0),
(177, 'Urganch shahri', 13, 1, 'Urganch shahri', 0, 0, 0),
(178, 'Xiva tumani', 13, 1, 'Xiva tumani', 0, 0, 0),
(179, 'Hazorasp tumani', 13, 1, 'Hazorasp tumani', 0, 0, 0),
(180, 'Xonqa tumani', 13, 1, 'Xonqa tumani', 0, 0, 0),
(181, 'Shovot tumani', 13, 1, 'Shovot tumani', 0, 0, 0),
(182, 'Yangiariq tumani', 13, 1, 'Yangiariq tumani', 0, 0, 0),
(183, 'Yangibozor tumani', 13, 1, 'Yangibozor tumani', 0, 0, 0),
(184, 'Bektemir tumani', 14, 1, 'Bektemir tumani', 0, 0, 0),
(185, 'M.Ulugbek tumani', 14, 1, 'M.Ulugbek tumani', 0, 0, 0),
(186, 'Mirobod tumani', 14, 1, 'Mirobod tumani', 0, 0, 0),
(187, 'Olmazor tumani', 14, 1, 'Olmazor tumani', 0, 0, 0),
(188, 'Sergeli tumani', 14, 1, 'Sergeli tumani', 0, 0, 0),
(189, 'Uchtepa tumani', 14, 1, 'Uchtepa tumani', 0, 0, 0),
(190, 'Yashnobod tumani', 14, 1, 'Yashnobod tumani', 0, 0, 0),
(191, 'Chilonzor tumani', 14, 1, 'Chilonzor tumani', 0, 0, 0),
(192, 'Shayxontoxur tumani', 14, 1, 'Shayxontoxur tumani', 0, 0, 0),
(193, 'Yunusobod tumani', 14, 1, 'Yunusobod tumani', 0, 0, 0),
(194, 'Yakkasaroy tumani', 14, 1, 'Yakkasaroy tumani', 0, 0, 0),
(195, 'Aniqlanmagan', 15, 1, 'Aniqlanmagan', 0, 0, 0),
(196, 'Qoraqalpog\'iston Respublikasi kiritilmagan tu', 1, 1, 'Qoraqalpog\'iston Respublikasi kiritilmagan tu', 0, 0, 0),
(197, 'Andijon kiritilmagan tuman', 2, 1, 'Andijon kiritilmagan tuman', 0, 0, 0),
(198, 'Buxoro kiritilmagan tuman ', 3, 1, 'Buxoro kiritilmagan tuman ', 0, 0, 0),
(199, 'Jizzax kiritilmagan tuman', 4, 1, 'Jizzax kiritilmagan tuman', 0, 0, 0),
(200, 'Qashqadaryo kiritilmagan tuman', 5, 1, 'Qashqadaryo kiritilmagan tuman', 0, 0, 0),
(201, 'Navoiy kiritilmagan tuman', 6, 1, 'Navoiy kiritilmagan tuman', 0, 0, 0),
(202, 'Namangan kiritilmagan tuman', 7, 1, 'Namangan kiritilmagan tuman', 0, 0, 0),
(203, 'Samarqand kiritilmagan tuman', 8, 1, 'Samarqand kiritilmagan tuman', 0, 0, 0),
(204, 'Surxondaryo kiritilmagan tuman', 9, 1, 'Surxondaryo kiritilmagan tuman', 0, 0, 0),
(205, 'Sirdaryo kiritilmagan tuman', 10, 1, 'Sirdaryo kiritilmagan tuman', 0, 0, 0),
(206, 'Toshkent viloyati kiritilmagan tuman', 11, 1, 'Toshkent viloyati kiritilmagan tuman', 0, 0, 0),
(207, 'Farg\'ona kiritilmagan tuman', 12, 1, 'Farg\'ona kiritilmagan tuman', 0, 0, 0),
(208, 'Xorazm kiritilmagan tuman', 13, 1, 'Xorazm kiritilmagan tuman', 0, 0, 0),
(209, 'Toshkent shahri kiritilmagan tuman', 14, 1, 'Toshkent shahri kiritilmagan tuman', 0, 0, 0);

-- --------------------------------------------------------

--
-- Структура таблицы `uni_uchastka`
--

CREATE TABLE `uni_uchastka` (
  `id` int(11) NOT NULL,
  `viloyat_id` int(11) NOT NULL,
  `tuman_id` int(11) NOT NULL,
  `status` int(11) NOT NULL,
  `created_at` int(11) NOT NULL,
  `updated_at` int(11) DEFAULT NULL,
  `name_uz` varchar(255) NOT NULL,
  `name_ru` varchar(255) NOT NULL,
  `user_id` int(11) NOT NULL
) ENGINE=InnoDB DEFAULT CHARSET=utf8;

--
-- Дамп данных таблицы `uni_uchastka`
--

INSERT INTO `uni_uchastka` (`id`, `viloyat_id`, `tuman_id`, `status`, `created_at`, `updated_at`, `name_uz`, `name_ru`, `user_id`) VALUES
(1, 1, 1, 1, 1, 1, 'sdsfsdsf', 'sdfsdfsd', 114),
(2, 1, 2, 1, 1, 2, 'awqeqweqwe', 'asdqwd', 114),
(3, 8, 95, 1, 1545311193, NULL, 'Payariq qishlog\'i', 'Payariq qishlog\'i', 118),
(4, 8, 95, 1, 1545311209, NULL, 'Samarqand qishlog\'i', 'Samarqand qishlog\'i', 118),
(5, 3, 36, 1, 1546600679, NULL, 'gijduvon hudud 1', 'gijduvon hudud 1', 141),
(6, 3, 36, 1, 1546600693, NULL, 'gijduvon hudud 2', 'gijduvon hudud 2', 141);

-- --------------------------------------------------------

--
-- Структура таблицы `uni_user_info`
--

CREATE TABLE `uni_user_info` (
  `id` int(11) NOT NULL,
  `user_id` int(11) NOT NULL,
  `per_id` int(11) NOT NULL,
  `start_day` int(11) NOT NULL,
  `end_day` int(11) NOT NULL,
  `status` int(11) NOT NULL,
  `created_date` int(11) NOT NULL,
  `updated_date` int(11) NOT NULL
) ENGINE=InnoDB DEFAULT CHARSET=utf8;

-- --------------------------------------------------------

--
-- Структура таблицы `uni_user_password`
--

CREATE TABLE `uni_user_password` (
  `id` int(11) NOT NULL,
  `user_id` int(11) NOT NULL,
  `password_reset_token` varchar(64) NOT NULL,
  `status` int(11) NOT NULL,
  `created_date` int(11) NOT NULL,
  `password` varchar(128) DEFAULT NULL
) ENGINE=InnoDB DEFAULT CHARSET=utf8;

--
-- Дамп данных таблицы `uni_user_password`
--

INSERT INTO `uni_user_password` (`id`, `user_id`, `password_reset_token`, `status`, `created_date`, `password`) VALUES
(0, 158, 'ZbP0zI23_-AYG1mf-6K7oEfYvxqZW9zE_1549871113', 1, 1549871113, NULL),
(3, 109, '', 0, 1549534772, 'AB226563');

-- --------------------------------------------------------

--
-- Структура таблицы `uni_user_security`
--

CREATE TABLE `uni_user_security` (
  `id` int(110) NOT NULL,
  `activation_code` int(11) NOT NULL,
  `email` varchar(255) DEFAULT NULL,
  `phone` varchar(10) NOT NULL,
  `password` varchar(255) DEFAULT NULL,
  `auth_key` varchar(255) DEFAULT NULL,
  `salt` varchar(255) DEFAULT NULL,
  `password_reset_token` varchar(255) DEFAULT NULL,
  `status` int(11) DEFAULT NULL,
  `logged` int(15) DEFAULT NULL,
  `updated` int(11) DEFAULT NULL,
  `created` int(11) NOT NULL,
  `wrong_pass` tinyint(2) NOT NULL,
  `avatar` varchar(512) NOT NULL,
  `username` varchar(32) NOT NULL,
  `middlename` varchar(32) DEFAULT NULL,
  `lastname` varchar(32) DEFAULT NULL,
  `role` varchar(64) NOT NULL,
  `viloyat_id` int(11) NOT NULL,
  `tuman_id` int(11) NOT NULL,
  `firstname` varchar(32) NOT NULL,
  `mac_adres` int(128) DEFAULT NULL,
  `auth_reset_key` varchar(32) NOT NULL,
  `expire_date` int(11) NOT NULL,
  `per_id` int(11) NOT NULL
) ENGINE=InnoDB DEFAULT CHARSET=utf8;

--
-- Дамп данных таблицы `uni_user_security`
--

INSERT INTO `uni_user_security` (`id`, `activation_code`, `email`, `phone`, `password`, `auth_key`, `salt`, `password_reset_token`, `status`, `logged`, `updated`, `created`, `wrong_pass`, `avatar`, `username`, `middlename`, `lastname`, `role`, `viloyat_id`, `tuman_id`, `firstname`, `mac_adres`, `auth_reset_key`, `expire_date`, `per_id`) VALUES
(52, 59, 'nuriddin.tatu@gmail.com', '9899770308', 'DtkaOuZsE7NNvF67mp3AWaALDIDpW/5VZiB4wPKHErP0RGWPgcd9ig==', NULL, 'oOemSDoUA2195mU53Bp345vSFKCsVU_r', NULL, 1, 1558502796, NULL, 1441856003, 2, '', 'Nuriddin', 'Narzullayevich', 'Ahmedov', '7', 1, 2, '', NULL, '', 0, 369),
(69, 59, 'akbar@akbar.uz', '974448700', 'IT+1c5Wtv65ew55gxtJ7KRQ34otT/qP2wuSSfIe+rtvKvJYe6lnDjg==', NULL, 'EeIOdhh0Pr6UuJfYzstwhA9mJ612gol-', NULL, 1, 1544089330, NULL, 1497188678, 0, '', 'Sarvar', 'Akbarovich', 'Rahimov', '7', 0, 0, '', NULL, '', 0, 0),
(88, 59, 'moderator@gmail.com', '9', 'IT+1c5Wtv65ew55gxtJ7KRQ34otT/qP2wuSSfIe+rtvKvJYe6lnDjg==', NULL, 'EeIOdhh0Pr6UuJfYzstwhA9mJ612gol-', NULL, 2, 1506690574, NULL, 1505056906, 0, '/files/upload/usermodel/2017/October/08/4_Sc5IAAQjKWUfgw9fyM.jpg', 'Moderator', NULL, NULL, '18', 0, 0, '', NULL, '', 0, 0),
(89, 0, 'admin@mail.ru', '1', '1234567', NULL, NULL, NULL, 9, NULL, NULL, 1505056911, 2, '', 'Great Admin', NULL, NULL, '18', 0, 0, '', NULL, '', 0, 0),
(91, 0, 'teacher@gmail.com', '', '6Yb1w6vCKM7vsgZ3LSHfIYoleTnehjRhVhlYb6Hut0KLoDoFJjSTKA==', NULL, '9jwIp_Y9Mcxucsy0UDYFBPidJ_S1BxN4', NULL, 1, 1516682775, NULL, 1508358447, 0, '', 'Dilshod', 'Ergash o\'g\'li', 'Boboqulov', '10', 0, 0, '', NULL, '', 0, 0),
(95, 0, 'Xayrullayev94@bk.ru', '', 'nkSAG3UkwA0SKEgjSOAbHRtG0DcKNOSrKjgdd4mWjz7GvhJFh/TC4Q==', NULL, 'dQvMh4MhkI2HrI6PgN4olhhH9zBkEOXs', NULL, 0, NULL, NULL, 1508449514, 0, '', 'Behzod', NULL, NULL, '10', 0, 0, '', NULL, '', 0, 0),
(97, 0, 'xayrullayev001@gmail.com', '', 'm/6IQG+dBWA2/LtIv2BP/Irxm3/YJBNB/Mx7Vriaa5SjG5mS1NNhEg==', NULL, 'GDGXInFdbFPO8C6vZWS-3ND-BlqGNqmu', NULL, 2, 1508454020, NULL, 1508449801, 0, '', 'Behzod', NULL, NULL, '18', 0, 0, '', NULL, '', 0, 0),
(98, 0, 'student@gmail.com', '', '6Yb1w6vCKM7vsgZ3LSHfIYoleTnehjRhVhlYb6Hut0KLoDoFJjSTKA==', NULL, '9jwIp_Y9Mcxucsy0UDYFBPidJ_S1BxN4', NULL, 1, 1510584083, NULL, 1508450049, 0, '', 'Dilshod', 'Ergash o\'g\'li', 'Boboqulov', '18', 0, 0, '', NULL, '', 0, 0),
(99, 0, 'boy2014@inbox.uz', '', 'E2cTQrmtq940+l4AHV/ufs6zJBkBy1ThKg9D5iZ6pkPDvggSlyTtLA==', NULL, 'UtFr2sI_Og043Mdff9CRpUgFy0zU0m3n', NULL, 0, NULL, NULL, 1508476470, 0, '', 'Bobomurodov Otabek', NULL, NULL, '10', 0, 0, '', NULL, '', 0, 0),
(100, 0, '3103355@mail.ru', '', '9rd3LmYh+Awb7Ud1v4IQv+Og6cM167Rluod+eok9IoD3GVvSY2diww==', NULL, 'm7UNBB18_s0Js1__otTcsDwR-IwZv45Y', NULL, 0, NULL, NULL, 1508478419, 0, '', 'amaliya', NULL, NULL, '10', 0, 0, '', NULL, '', 0, 0),
(101, 0, 'davronmaths@inbox.uz', '', 'lL9LfIfOTko4Cgpv7ndvXbAj1dcIfZcoJF5VbWEOpBnDs5+HNVbprw==', NULL, 'cW4hsSoUALALt74VM6DzLDaQeeJTY0FF', NULL, 0, NULL, NULL, 1508500796, 0, '', 'Davronbek', NULL, NULL, '10', 0, 0, '', NULL, '', 0, 0),
(102, 0, 'rimsal@xtv.uz', '', 'r6z2pcvvOVuZCA7QYYiK24mlWb1Sq5ArQBBXsbWOp0RkKv2cs1aiWQ==', NULL, 'LVBOakF5y5kUNj3y4_nMrX5SlmF89DSP', NULL, 9, NULL, NULL, 1508501524, 0, '', 'sadikov', NULL, NULL, '10', 0, 0, '', NULL, '', 0, 0),
(103, 0, 'farhodrabita@mail.ru', '', 'N6/zkv1ixS4VNzaG2CrfrMROff2sFnvU4PaSd8h07mv/oi9C7hheZA==', NULL, 'MOh98DAUbpPdEhVHKRnP2NZJGaaY0h4s', NULL, 0, NULL, NULL, 1508501556, 0, '', 'sadikov', NULL, NULL, '10', 0, 0, '', NULL, '', 0, 0),
(104, 0, 'glkomil@yandex.ru', '', 'DYhNOrKXcST4XQYtGYU/Qa8LqR8M5UiISMR6vSd5IPyAItVBJc/atQ==', NULL, 'bj9ZfD3kWySkimJy7Dol32-6eNIO3vu0', NULL, 9, NULL, NULL, 1508589676, 0, '', 'Komil', NULL, NULL, '10', 0, 0, '', NULL, '', 0, 0),
(105, 0, 'glkomil@gmail.com', '', 'ietYi5no1ZVssu8/fVG1v3EJKm8qfdFH3WMtik8TG0lgmF5effeY7g==', NULL, 'njiusvAJiOOaelZ7VfqL98ddxCwUJ7qz', NULL, 2, NULL, NULL, 1508589874, 0, '', 'Komil', NULL, NULL, '10', 0, 0, '', NULL, '', 0, 0),
(106, 0, 'ttkhk@kbat.uz', '', 'OPj6LtUtS2hwhUQQOn7bm1Ia9wikCKKgp9IHMMMevNxhnicc+c4IZA==', NULL, 'X1WEBx0Uylf7OQGb_nUrxdsgaXXrjLKG', NULL, 2, NULL, NULL, 1508589905, 0, '', 'Komil', NULL, NULL, '10', 0, 0, '', NULL, '', 0, 0),
(107, 0, 'payshanba_ixk@mail.ru', '', 'gNnJHj+Qr+sxWahJbnhlSNuL1/FpNQXfq3PccmEE+wWrGIjN9HQzcQ==', NULL, 'XGt7yAbTpB9fwAeka2YElR7Ezl_gPGP_', NULL, 0, NULL, NULL, 1508594360, 0, '', 'sardor', NULL, NULL, '10', 0, 0, '', NULL, '', 0, 0),
(108, 0, 'sarik_m91@mail.ru', '', 'cQjaClp530+Q0Ct2DSby2i6EYecog8fQ8Dlb68BGK8L402L3ToGEkw==', NULL, 'O7ai2-c683cmcyHMjKvralFrXAZoDu79', NULL, 0, NULL, NULL, 1508648892, 0, '', 'Makhmudjanov Sarvar', NULL, NULL, '18', 0, 0, '', NULL, '', 0, 0),
(109, 0, 'tutor@gmail.com', '', '6Yb1w6vCKM7vsgZ3LSHfIYoleTnehjRhVhlYb6Hut0KLoDoFJjSTKA==', NULL, '9jwIp_Y9Mcxucsy0UDYFBPidJ_S1BxN4', NULL, 9, 1509387661, NULL, 0, 0, '', 'Tutor', 'Tutor', 'Tutor', '10', 0, 0, '', NULL, '', 0, 0),
(111, 0, 'dsd@dfsfdfs.uz2', '54852', 'azvMIvk9h0d4adTPXVheMeQvyUTVBiKZi4PdgnajwkjEA6jSxylV/Q==', NULL, '_kj_IGz5fSOmAnaSvYcvlSWdn0rYoLUQ', NULL, 1, NULL, NULL, 1544000722, 0, '', 'cvbfgb', NULL, 'sdcdsc', '18', 3, 7, '', NULL, '', 0, 0),
(112, 0, 'dsd@dfsfdfs.uz', '5485', 'QaTNHXNIIWt8M7HXeam2ZKrz1pgAv+kE68C+mptTIt+zNjpEcBnxCQ==', NULL, 'pYZDht6B4LHZfVBclw02EAh1w3aOjMCp', NULL, 1, NULL, NULL, 1544001180, 0, '', 'admin', NULL, 'sdcdsc', '17', 2, 5, '', NULL, '', 0, 0),
(113, 0, 'aaa@ss.ss', '123', 's6zG1yedL6Lfe5ICh9nZgdJOqF2nMiGfmZrlsR0/TwnzlmICh8U43g==', 'iSS4L8T863Bw9CYdqfWEniNHbu298S17', 'PONuWyNhdxe3DqUdcl9i0dUdKHlvo6a-', NULL, 1, 1545677848, NULL, 1544458625, 3, '', 'aaa', NULL, 'aaa', '17', 1, 6, '', 123213, 'rwAUE-GJfxboSiz4wL7u_wDIyYKdgusd', 1548269848, 372),
(114, 0, 'diasjon@mail.ru', '97703561', 'nvly5Ko0aaOe1VRbNhL7HhV+RZMtrSgj2jXR458D8XgErwFl9/YK2A==', 'gvHp6o7aOinoOY0fsXbWm1VUOhdgPnju', 'O2S4VdtnY3OynS3IkE3nKvIur12cBrDO', NULL, 1, 1555513641, NULL, 1544536455, 0, '', 'said', NULL, 'Maxanov', '16', 2, 21, '', 1232144456, 'bATsfG8W0HiWl0RAcggJElu9N_qbxEJp', 1549476015, 331),
(115, 0, 'www@ss.ss', '8273423', 'nt4Srfrf5+WXv1NI1g8YwSJh7AObT42Lqhz/mt3KNupEBKsi/4u4SQ==', NULL, 'ZMl8qzKHaeJX1HJ_F9M4TTKCrMmu1JBk', NULL, 1, NULL, NULL, 1544597989, 0, '', 'alksnffajsf', NULL, 'asdjhalskjdh', '18', 2, 21, '', NULL, '', 0, 0),
(116, 0, 'muslim@mail.ru', '4504', '834cTJv8/tlBGIfiv0dMMjkVgoHz5pignzo31XIvlwRuniocMVlr2Q==', NULL, 'kRdax6sY7-u9wXHga9oElgbdv2B81rhu', NULL, 1, NULL, NULL, 1544680754, 0, '', '', 'Adhamjon o\'g\'li', 'Qo\'chqorov', '17', 12, 156, '', NULL, '', 0, 0),
(117, 0, 'rrr@ss.ss', '435345', 'v5XXN6HAdXqY/CnrqMWCHecoF5iBI4jPP0Vzmz+PHd+BcuoFiShy3Q==', NULL, 'vk4mcgw5ftcvHC7H3ajHDlbL8kymScy7', NULL, 1, NULL, NULL, 1544724636, 0, '', '', 'erferferf', 'ferferferf', '17', 8, 107, '', NULL, '', 0, 0),
(118, 0, 'tuman@mail.ru', '1234567', '8/9FzBOR3+qeg/ZKIa98hUp7BlK9Mq0pFi5BNPOwFX/rv2BhUoIxIA==', NULL, 'lxw7ba22qLMhUNUITGI8dGl2180vE6zN', NULL, 1, 1545592570, NULL, 1545119902, 0, '', '', 'Mansur', 'Rahmonov', '25', 8, 95, '', NULL, '', 0, 332),
(119, 0, 'aaaaa@ss.ss', '', '1234', NULL, NULL, NULL, 2, NULL, NULL, 1545306120, 0, '', '', '', '', '17', 0, 0, '', NULL, '', 0, 0),
(120, 0, 'aaaaaa@ss.ss', '123123', '1234', NULL, NULL, NULL, 1, NULL, NULL, 1545306343, 0, '', '', 'aaaaaaaa', 'asdaaaaa', '17', 0, 0, '', NULL, '', 0, 0),
(122, 0, 'akmal@mail.ru', '12345678', '1234', NULL, NULL, NULL, 1, NULL, NULL, 1545311027, 0, '', '', 'Xushmuratovich', 'Aliqulov', '17', 8, 95, '', NULL, '', 0, 0),
(123, 0, 'hsgjagsdsa@kajsgd.asd', '8723462873', '1234', NULL, NULL, NULL, 2, NULL, NULL, 1545312630, 0, '', '', 'kchsabjchvasjkcvasjkcvajskvch', 'asjdbkfjasbkdjbaskdjbkajbsdkj', '18', 8, 95, '', NULL, '', 0, 0),
(124, 0, 'diasjossn@mail.ru', '234234', 'DyIcuR9AvswSsi5nldIMGTvtIbuvqFjjfAT2RkmTFMaja32UrPNWcQ==', NULL, 'cewhMxcOJ6FklpnKljRorPvSi57HAjrn', NULL, 1, NULL, NULL, 1545459484, 0, '', '', 'asdasdasd', 'dasdasdadsad', '21', 5, 67, '', NULL, '', 0, 0),
(138, 0, 'tuman56546@mail.ru', '', 'OHFNqAxrFCOHXFT17oK3Y9zDlZxEX+QjmcEewer0XKIUtaROMXevwA==', NULL, 'MYz7QVsL9Bht1drM6EZS8l8NJngmf_5c', NULL, 1, NULL, NULL, 1545594943, 0, '', '', NULL, NULL, '25', 0, 0, '', NULL, '', 0, 365),
(139, 0, 'qwt@mail.ru', '', 'Sx8aFGaZhxiFGYvtaD1pUmIoB20/fSEKmK2fPFWovhd+bkPULDFbfA==', NULL, 'X3VFFOrGFh3FCMVQAuHD5cQHyyF9_S1B', NULL, 1, NULL, NULL, 1545595473, 3, '', '', NULL, NULL, '24', 0, 0, '', NULL, '', 0, 366),
(140, 0, 'b.viloyat@mail.ru', '', 'NW7KHJ7+GGElJt27NmZLuh7STuJijv1YLI9if6OCMnqqzgOcZ0GFEQ==', NULL, 'WGmHf4NQ9NOSQNWAwvaMp_1aIh40glzc', NULL, 1, 1548920004, NULL, 1545642632, 0, '', '', NULL, NULL, '24', 3, 0, '', NULL, '', 0, 367),
(141, 0, 't.gijduvon@mail.ru', '', 'j6e8Ewh87kj/OyOrIkxUpI8wtLoC3Vjev/FSgdMv1Vx8PrpruO3PBg==', NULL, 'XqOAKHbQmVQi3qo8dPUha0qEA-bdl8xa', NULL, 1, 1547278714, NULL, 1545645525, 0, '', '', NULL, NULL, '25', 3, 36, '', NULL, '', 0, 368),
(142, 0, 'hudud1@mail.ru', '', 'PjsmFPKg4M6T2g8qCsnXnA4hkJo9qDgEGntHeZK95uJpc3E6xp2zXA==', 'UPjztukETufOuH_Fsy9TGtD1GiYPuIsd', 'zgOQ8oTo-vC6u_xS3bHBkmDpqBwI4h8A', NULL, 1, 1546871406, NULL, 1546622929, 0, '', '', NULL, NULL, '17', 3, 36, '', 12321444, 'CAlrZiVhNaNNgZb14mvqOrAa9yUmDW5h', 1549463406, 371),
(143, 0, 'hudud2@mail.ru', '', 'Cyru34Gj6H26XwuBENOoydg8FQSDZwA2hxJ7Zu97Yy37tn6N/ZDyew==', 'HMTQbCr0trA-JWwmFGLVvZIoz2UUXCkJ', 'rezy67wqIv8bxw6U2NDVAF9tfAGYzsCb', NULL, 1, 1557226517, NULL, 1546871751, 0, '', '', NULL, NULL, '17', 3, 36, '', 0, 'w3mxUcKYpKNkRDxX215rr7Ef77bZB-4T', 1559818517, 373),
(144, 0, 'andijon@vetgov.uz', '', 'RE467z+aaUtW6yGnq2+wvMiObCeiGa5QILqmgh1Qs1Ndwz0xOW07sQ==', NULL, '4OKkHnRMgktXkc0m52TP2oRYsV7N9ee-', NULL, 1, NULL, NULL, 1547018906, 0, '', '', NULL, NULL, '24', 0, 0, '', NULL, '', 0, 374),
(145, 0, 'buxoro@vetgov.uz', '', 'Imk1jciAigSu7yJ7JsFgYf4S/N3KP+/pyEj2fzmCA2g03GFykuhcmg==', NULL, 'uskHNehSttlDPon8Tg59M4aLyiDlihPI', NULL, 1, 1549866244, NULL, 1547019221, 0, '', '', NULL, NULL, '24', 0, 0, '', NULL, '', 0, 375),
(146, 0, 'jizzax@vetgov.uz', '', 'NfdAwcqwchFJYM+zjmP2/lg8McKFdBJOQcYd0hHD0DrwU7dQBTVg2w==', NULL, 'b-cyEZmiGAw5Gb1KDNRhNjsBlU2VyTHR', NULL, 1, NULL, NULL, 1547019362, 0, '', '', NULL, NULL, '24', 0, 0, '', NULL, '', 0, 376),
(147, 0, 'qashqadaryo@vetgov.uz', '', 'QOYzoane7sq29gWCngd/LIEqvI/rNn874cJ5FTrpHF7ttb0Ki+U2PQ==', NULL, '4stOjAT1AjacJdX2Igu8Qccn5a8KZAZv', NULL, 1, NULL, NULL, 1547019491, 0, '', '', NULL, NULL, '24', 0, 0, '', NULL, '', 0, 377),
(148, 0, 'navoiy@vetgov.uz', '', 'g+eIFRPWOaX+UOlngrQ03QBtqjzwwQBbKtw+mOQant3fAvDp1dRRIQ==', NULL, '3hacjPElWvjj7Qfe9hMsByz4smgnqdka', NULL, 1, NULL, NULL, 1547019581, 0, '', '', NULL, NULL, '24', 0, 0, '', NULL, '', 0, 378),
(149, 0, 'namangan@vetgov.uz', '', 'GbzPSUDlXBRphcB5lNyaAz5Phsxbdu6vRdrTZ86ODWK++stQf5VPTg==', NULL, 'yFUzfdIhKxYU2G6wXRYQMWK8GTZvwb0I', NULL, 1, NULL, NULL, 1547019659, 0, '', '', NULL, NULL, '24', 0, 0, '', NULL, '', 0, 379),
(150, 0, 'samarqand@vetgov.uz', '', 'wrIPcyYWB7TjTqr1O9aHT0cbpS5t8QubYbB7xYZqGeynu+stdsjnAw==', NULL, 'iohLEAQVA73FPYf8_nr1hElgxlrIC1u6', NULL, 1, NULL, NULL, 1547019755, 0, '', '', NULL, NULL, '24', 0, 0, '', NULL, '', 0, 380),
(151, 0, 'surxondaryo@vetgov.uz', '', 'F2N3uQSLXzZy6qqZsVCiuGJMW7ICstnLaClzB/ORL//BzxwiZHVQEw==', NULL, '1b2xbb-RF3nEYugLj0o_mkAHMXC_U4WU', NULL, 1, 1547040693, NULL, 1547019866, 0, '', '', NULL, NULL, '24', 9, 0, '', NULL, '', 0, 381),
(152, 0, 'sirdaryo@vetgov.uz', '', 'ZpdJDOmpU12z9GXoh2of2SvSJUzwwUQIYbaOZf/jkdSlx4yyDkiOzg==', NULL, 'JTilFDL-9RQZkkxWzbRop10bXIm0rUKQ', NULL, 1, NULL, NULL, 1547019979, 0, '', '', NULL, NULL, '24', 0, 0, '', NULL, '', 0, 382),
(153, 0, 'toshkentv@vetgov.uz', '', 'LL6Wilqw6vfahDKELbvRa4dXBUZkWEglJlU5egHfDFwYXG2cvetD3Q==', NULL, 'ISEO7O3sLRtYqGBsN3CpEmaW70U2V4bI', NULL, 1, 1547040706, NULL, 1547020078, 0, '', '', NULL, NULL, '24', 11, 0, '', NULL, '', 0, 383),
(154, 0, 'fargona@vetgov.uz', '', 'E0AOm6bH7QwQGQDY2KqT/WZwn/Kh+R9QS68FvhCAN/H/KSJShJaF1g==', NULL, '8O8LN0vJQ5VxeICDhevJ9BX384P40BLN', NULL, 1, NULL, NULL, 1547020207, 0, '', '', NULL, NULL, '24', 0, 0, '', NULL, '', 0, 384),
(155, 0, 'xorazm@vetgov.uz', '', 'lwL5ite034URakSeA/gzY3yatNDgoUuVdVOz7snOtw6FKMUL492uTw==', NULL, 'xU-6_phnETutVuqP5C_9n6gR3uvp73ko', NULL, 1, NULL, NULL, 1547020289, 0, '', '', NULL, NULL, '24', 0, 0, '', NULL, '', 0, 385),
(156, 0, 'toshkentsh@vetgov.uz', '', 'WhPcB+qkDNs3q1q/7KksPrLY6zDbGzKch8WWcWPDmex24Ox6mzKvuw==', NULL, 'blfyMystYDkJ-3kkxat6V0SBC7FYYrBz', NULL, 1, NULL, NULL, 1547020451, 0, '', '', NULL, NULL, '24', 0, 0, '', NULL, '', 0, 386),
(157, 0, 'qqr@vetgov.uz', '', '4HsKMsp54mOUeEojJb6GuBweQLoe0gPlsWfxo61v4Lx3ohRHTYS4pw==', NULL, 'CxkaS4jjCEf-kh1o2msIDQ7u4Kn50Kr9', NULL, 1, 1547476139, NULL, 1547020968, 0, '', '', NULL, NULL, '24', 1, 0, '', NULL, '', 0, 387),
(158, 0, 'ax5165@gmail.com', '', 'd20brUxXf3GtQKz0vvlxj3uDE/WsVp3Wf/BtFU3+9oVQjYz4q7cLgA==', NULL, 'a0lqWKCQBkisLYFce0vlmDlxBoc0Y1rV', 'ZbP0zI23_-AYG1mf-6K7oEfYvxqZW9zE_1549871113', 1, 1550051143, NULL, 1549869786, 0, '', '', NULL, NULL, '17', 0, 0, '', NULL, '', 0, 388),
(159, 0, 'nuriddin.111@gmail.com', '9998552', 'x0BcFnPE8366a2UMvEB+Pc47l7xb+6gPUiy860Z64uFWR+q/Ju081w==', NULL, 'Jn5AaArRAQt9R0Zn5Oyj9NDvtgqytFoQ', NULL, 1, NULL, NULL, 1553784645, 0, '', 'Terra', 'Abdulahatovich', 'Colo', '24', 1, 9, 'Terra', NULL, '', 0, 389);

-- --------------------------------------------------------

--
-- Структура таблицы `uni_viloyat`
--

CREATE TABLE `uni_viloyat` (
  `id` int(11) NOT NULL,
  `name_uz` varchar(128) NOT NULL,
  `status` int(1) NOT NULL DEFAULT '1',
  `name_ru` varchar(128) NOT NULL,
  `user_id` int(11) NOT NULL,
  `created_at` int(11) NOT NULL,
  `updated_at` int(11) NOT NULL
) ENGINE=InnoDB DEFAULT CHARSET=utf8;

--
-- Дамп данных таблицы `uni_viloyat`
--

INSERT INTO `uni_viloyat` (`id`, `name_uz`, `status`, `name_ru`, `user_id`, `created_at`, `updated_at`) VALUES
(1, 'Қорақалпоғистон Республикаси', 1, 'Республика Каракалпакстан', 52, 0, 1544769530),
(2, 'Андижон вилояти', 1, 'Андижанская область', 52, 0, 1544768729),
(3, 'Бухоро вилояти', 1, 'Бухарская область', 52, 0, 1544768801),
(4, 'Жиззах вилояти', 1, 'Джизакская область', 52, 0, 1544768925),
(5, 'Қашқадарё вилояти', 1, 'Кашкадарьинская область', 52, 0, 1544768998),
(6, 'Навоий вилояти', 1, 'Навоийская область', 52, 0, 1544769280),
(7, 'Наманган вилояти', 1, 'Наманганская область', 52, 0, 1544769230),
(8, 'Самарқанд вилояти', 1, 'Самаркандская область', 52, 0, 1544769320),
(9, 'Сурхондарё вилояти', 1, 'Сурхандарьинская область', 52, 0, 1544769374),
(10, 'Сирдарё вилояти', 1, 'Сырдарьинская область', 52, 0, 1544769403),
(11, 'Тошкент вилояти', 1, 'Ташкентская область', 52, 0, 1544769456),
(12, 'Фарғона вилояти', 1, 'Ферганская область', 52, 0, 1544768872),
(13, 'Хоразм вилояти', 1, 'Хорезмская область', 52, 0, 1544769075),
(14, 'Тошкент шаҳри', 1, 'Город Ташкент', 52, 0, 1544769667);

-- --------------------------------------------------------

--
-- Структура таблицы `vk_ban`
--

CREATE TABLE `vk_ban` (
  `id` int(11) NOT NULL,
  `company_id` int(11) NOT NULL,
  `start_date` int(11) NOT NULL,
  `end_date` int(11) NOT NULL,
  `user_id` int(11) NOT NULL,
  `created_date` int(11) NOT NULL,
  `status` int(11) NOT NULL,
  `comment` text NOT NULL,
  `file` varchar(2048) DEFAULT NULL
) ENGINE=InnoDB DEFAULT CHARSET=utf8;

--
-- Дамп данных таблицы `vk_ban`
--

INSERT INTO `vk_ban` (`id`, `company_id`, `start_date`, `end_date`, `user_id`, `created_date`, `status`, `comment`, `file`) VALUES
(1, 4, 1543359600, 1545087600, 52, 1545127789, 0, 'assdsv', ''),
(2, 4, 1545087600, 1545087600, 52, 1545127836, 1, 'assdsvdasd AS D', ''),
(3, 5, 1545433200, 1544569200, 52, 1545473420, 1, 'қуафқв', 'a:1:{i:0;s:60:\"/files/upload/ban/2018/December/22/tKt5dh88D71aXfx0eDZu.docx\";}'),
(4, 5, 1545433200, 1543186800, 52, 1545473669, 1, 'sadfasdfasd', 'a:1:{i:0;s:59:\"/files/upload/ban/2018/December/22/r2UA-Ep9c6j2_EV__Ivw.jpg\";}'),
(5, 5, 22, 5, 52, 1545475318, 0, 'fdghdf', ''),
(6, 5, 22, 5, 52, 1545475381, 0, 'fdghdf', ''),
(7, 5, 22, 5, 52, 1545475403, 0, 'fdghdf', ''),
(8, 5, 22, 5, 52, 1545475456, 0, 'fdghdf', ''),
(9, 5, 22, 30, 52, 1545475567, 0, 'asdsa', ''),
(10, 5, 22, 5, 52, 1545475673, 0, 'po;o;op', ''),
(11, 5, 22, 5, 52, 1545475731, 0, 'po;o;op', ''),
(12, 5, 22, 4, 52, 1545475754, 0, 'dsgdf', 'a:1:{i:0;s:59:\"/files/upload/ban/2018/December/22/siKuTYkWdj-41BYoJ-e-.jpg\";}'),
(13, 5, 22, 6, 52, 1545475789, 0, 'dsgdf', ''),
(14, 5, 22, 5, 52, 1545475844, 0, 'gjkghk', ''),
(15, 5, 22, 3, 52, 1545475904, 0, 'fsdsaf', ''),
(16, 5, 22, 3, 52, 1545475913, 0, 'fsdsaf', ''),
(17, 5, 22, 3, 52, 1545475929, 0, 'fsdsaf', ''),
(18, 5, 22, 3, 52, 1545475951, 0, 'fsdsaf', ''),
(19, 5, 22, 3, 52, 1545475969, 0, 'fsdsaf', ''),
(20, 5, 22, 3, 52, 1545475986, 0, 'fsdsaf', '');

-- --------------------------------------------------------

--
-- Структура таблицы `vk_contravention`
--

CREATE TABLE `vk_contravention` (
  `id` int(11) NOT NULL,
  `company_id` int(11) NOT NULL,
  `created_date` int(11) NOT NULL,
  `date` int(11) NOT NULL,
  `comment` text NOT NULL,
  `user_id` int(11) NOT NULL,
  `file` varchar(2048) NOT NULL
) ENGINE=InnoDB DEFAULT CHARSET=utf8;

--
-- Дамп данных таблицы `vk_contravention`
--

INSERT INTO `vk_contravention` (`id`, `company_id`, `created_date`, `date`, `comment`, `user_id`, `file`) VALUES
(1, 3, 0, 1543964400, 'sdsdv', 52, ''),
(4, 4, 1545119201, 12, 'asdfsdf', 52, '6-home-default.jpg'),
(5, 4, 1545119456, 12, 'sdcfcascs', 52, '6-home-default.jpg'),
(16, 4, 1545126645, 1545174000, 'sdfgsdfv', 52, ''),
(17, 4, 1545126669, 0, 'sdfgsdfv', 52, ''),
(19, 4, 1545130912, 1545433200, 'sinash', 52, ''),
(20, 5, 1545472742, 1545433200, 'sdfsd', 52, 'a:1:{i:0;s:70:\"/files/upload/contravention/2018/December/22/qTtP_EMyBZSuKqSGNT7a.docx\";}'),
(21, 5, 1545473100, 1543791600, 'salom', 52, 'a:1:{i:0;s:69:\"/files/upload/contravention/2018/December/22/NPR3TUY6r-GZk057GHh1.psd\";}'),
(22, 5, 1545473642, 1545260400, 'meduza', 52, 'a:1:{i:0;s:69:\"/files/upload/contravention/2018/December/22/bOf_WObUWGsDMvDS0tah.jpg\";}'),
(23, 5, 1545476096, 1545174000, 'xasxas', 52, '');

-- --------------------------------------------------------

--
-- Структура таблицы `vk_diagnoz_perform`
--

CREATE TABLE `vk_diagnoz_perform` (
  `id` int(11) NOT NULL,
  `uchastka_id` int(11) NOT NULL,
  `created_date` int(11) NOT NULL,
  `status` int(1) NOT NULL,
  `kasal_id` int(11) NOT NULL,
  `kasal_daraja` int(2) NOT NULL,
  `xulosa` varchar(2048) NOT NULL,
  `manzil` varchar(1024) NOT NULL,
  `location_longitude` double NOT NULL,
  `location_latitude` double NOT NULL,
  `hayvon_rasm` varchar(1024) NOT NULL,
  `viloyat_id` int(11) NOT NULL,
  `tuman_id` int(11) NOT NULL
) ENGINE=InnoDB DEFAULT CHARSET=utf8;

--
-- Дамп данных таблицы `vk_diagnoz_perform`
--

INSERT INTO `vk_diagnoz_perform` (`id`, `uchastka_id`, `created_date`, `status`, `kasal_id`, `kasal_daraja`, `xulosa`, `manzil`, `location_longitude`, `location_latitude`, `hayvon_rasm`, `viloyat_id`, `tuman_id`) VALUES
(1, 114, 1544635931, 0, 2, 2, 'asdasdasd', 'asdasdasd', 0, 0, '2018/December/12/CJwQOL485P0PKtKQuToP.png', 1, 2),
(2, 143, 0, 0, 2, 3, 'gghh', 'Тошкент, Afrosiyob ko\'chasi, 4 Б', 41.302343, 69.2685, '2019/January/09/9sxuxWqPl1252NKd4iTl.png', 0, 0),
(3, 143, 0, 0, 1, 5, 'gbbb', 'Тошкент, Taras Shevchenko ko\'chasi, 8', 41.305868, 69.275954, '2019/January/09/PuqajUfHJ-cNtk3GBeE2.png', 0, 0),
(4, 143, 0, 0, 2, 3, 'gff', 'Тошкент, 3', 41.289084, 69.224712, '2019/March/28/p5qMMTZE4cRY2FOoK6Lm.png', 0, 0),
(5, 143, 0, 0, 2, 3, 'gff', 'Тошкент, 3', 41.289084, 69.224712, '2019/March/28/eLlZZlu4GuLDfRfn4-eK.png', 0, 0),
(6, 143, 0, 0, 2, 3, 'gff', 'Тошкент, 3', 41.289084, 69.224712, '2019/March/28/0LvErGYemTDyWLPx0_qt.png', 0, 0),
(7, 143, 0, 0, 2, 3, 'gff', 'Тошкент, 3', 41.289084, 69.224712, '2019/March/28/K2nFryCWTaZO64eDh--Z.png', 0, 0),
(8, 143, 0, 0, 2, 3, 'gff', 'Тошкент, 3', 41.289084, 69.224712, '2019/March/28/mDNaz0pCg0MZKW_2uIXP.png', 0, 0),
(9, 143, 0, 0, 2, 3, 'gff', 'Тошкент, 3', 41.289084, 69.224712, '2019/March/28/37f59K4AjmSOGw0bwDWU.png', 0, 0),
(10, 143, 0, 0, 2, 3, 'gff', 'Тошкент, 3', 41.289084, 69.224712, '2019/March/28/lMp3dqqbBK_1WECI0n-F.png', 0, 0),
(11, 143, 0, 0, 2, 2, 'tgyy', 'Тошкент, 3', 41.289109, 69.224755, '2019/March/28/uw-lFtte5hLKyM7_GJhK.png', 0, 0),
(12, 143, 0, 0, 2, 2, 'tgyy', 'Тошкент, 3', 41.289109, 69.224755, '2019/March/28/liV85aYsSc6HO72XmKPo.png', 0, 0),
(13, 143, 0, 0, 2, 3, 'gff', 'Тошкент, 3', 41.289084, 69.224712, '2019/March/28/UlIN8Q1LwOGBAARVM5cW.png', 0, 0),
(14, 143, 0, 0, 1, 3, 'hdhd', 'Тошкент, 3', 41.289101, 69.224749, '2019/March/28/nrK6DRfrheCCup97myvy.png', 0, 0),
(15, 143, 0, 0, 1, 3, 'hdhd', 'Тошкент, 3', 41.289101, 69.224749, '2019/March/28/CJu0b4pCpGuQg0hjBmQF.png', 0, 0),
(16, 143, 0, 0, 1, 3, 'hdhd', 'Тошкент, 3', 41.289101, 69.224749, '2019/March/28/tepXOp8ancT40CUUv0ji.png', 0, 0),
(17, 143, 0, 0, 1, 3, 'hdhd', 'Тошкент, 3', 41.289101, 69.224749, '2019/March/28/IOfCMXYVZ0oUgc8fiM7h.png', 0, 0),
(18, 143, 0, 0, 1, 3, 'hdhd', 'Тошкент, 3', 41.289101, 69.224749, '2019/March/28/4m7YG7j6U28jl927bn9G.png', 0, 0),
(19, 143, 0, 0, 1, 3, 'hdhd', 'Тошкент, 3', 41.289101, 69.224749, '2019/March/28/gVwvHFjKy5e_dyg4SSoh.png', 0, 0),
(20, 143, 0, 0, 1, 2, 'ghnng', 'Тошкент, 3', 41.289113, 69.224754, '2019/March/28/Ly7KZyx9UTgDoj-ow8-T.png', 0, 0),
(21, 114, 0, 0, 1, 1, 'awefasfsd', 'dfasdf sfs', 213412, 23234, 'rasmyoq', 0, 0),
(22, 114, 0, 0, 1, 1, 'awefasfsd', 'dfasdf sfs', 213412, 23234, 'rasmyoq', 0, 0),
(23, 143, 0, 0, 2, 3, 'gff', 'Тошкент, 3', 41.289084, 69.224712, '2019/March/28/wf16guVJNh78abyx9TKT.png', 0, 0),
(24, 114, 0, 0, 1, 1, 'awefasfsd', 'dfasdf sfs', 213412, 23234, 'rasmyoq', 0, 0),
(25, 114, 0, 0, 1, 1, 'awefasfsd', 'dfasdf sfs', 213412, 23234, 'rasmyoq', 0, 0),
(26, 114, 0, 0, 1, 1, 'awefasfsd', 'dfasdf sfs', 213412, 23234, 'rasmyoq', 0, 0),
(27, 114, 0, 0, 1, 1, 'awefasfsd', 'dfasdf sfs', 213412, 23234, 'rasmyoq', 0, 0),
(28, 143, 0, 0, 2, 3, 'gff', 'Тошкент, 3', 41.289084, 69.224712, '2019/March/28/Jj7yw0IuDT9YZfD-_hj9.png', 0, 0),
(29, 143, 0, 0, 2, 2, 'tgyy', 'Тошкент, 3', 41.289109, 69.224755, '2019/March/28/88akGYVZinSlw0J5Gl-z.png', 0, 0),
(30, 114, 0, 0, 1, 1, 'awefasfsd', 'dfasdf sfs', 213412, 23234, 'rasmyoq', 0, 0),
(31, 114, 0, 0, 1, 1, 'awefasfsd', 'dfasdf sfs', 213412, 23234, 'rasmyoq', 0, 0),
(32, 114, 0, 0, 1, 1, 'awefasfsd', 'dfasdf sfs', 213412, 23234, 'rasmyoq', 0, 0),
(33, 114, 0, 0, 1, 1, 'awefasfsd', 'dfasdf sfs', 213412, 23234, 'rasmyoq', 0, 0),
(34, 114, 0, 0, 1, 1, 'awefasfsd', 'dfasdf sfs', 213412, 23234, 'rasmyoq', 0, 0),
(35, 114, 0, 0, 1, 1, 'awefasfsd', 'dfasdf sfs', 213412, 23234, 'rasmyoq', 0, 0),
(36, 114, 0, 0, 1, 1, 'awefasfsd', 'dfasdf sfs', 213412, 23234, 'rasmyoq', 0, 0),
(37, 114, 0, 0, 1, 1, 'awefasfsd', 'dfasdf sfs', 213412, 23234, 'rasmyoq', 0, 0),
(38, 114, 0, 0, 1, 1, 'awefasfsd', 'dfasdf sfs', 213412, 23234, 'rasmyoq', 0, 0),
(39, 114, 0, 0, 1, 1, 'awefasfsd', 'dfasdf sfs', 213412, 23234, 'rasmyoq', 0, 0),
(40, 114, 0, 0, 1, 1, 'awefasfsd', 'dfasdf sfs', 213412, 23234, 'rasmyoq', 0, 0),
(41, 114, 0, 0, 1, 1, 'awefasfsd', 'dfasdf sfs', 213412, 23234, 'rasmyoq', 0, 0),
(42, 114, 0, 0, 1, 1, 'awefasfsd', 'dfasdf sfs', 213412, 23234, 'rasmyoq', 0, 0),
(43, 114, 0, 0, 1, 1, 'awefasfsd', 'dfasdf sfs', 213412, 23234, 'rasmyoq', 0, 0),
(44, 114, 0, 0, 1, 1, 'awefasfsd', 'dfasdf sfs', 213412, 23234, 'rasmyoq', 0, 0),
(45, 114, 0, 0, 1, 1, 'awefasfsd', 'dfasdf sfs', 213412, 23234, 'rasmyoq', 0, 0),
(46, 114, 0, 0, 1, 1, 'awefasfsd', 'dfasdf sfs', 213412, 23234, 'rasmyoq', 0, 0),
(47, 114, 0, 0, 1, 1, 'awefasfsd', 'dfasdf sfs', 213412, 23234, 'rasmyoq', 0, 0),
(48, 114, 0, 0, 1, 1, 'awefasfsd', 'dfasdf sfs', 213412, 23234, 'rasmyoq', 0, 0),
(49, 114, 0, 0, 1, 1, 'awefasfsd', 'dfasdf sfs', 213412, 23234, 'rasmyoq', 0, 0);

-- --------------------------------------------------------

--
-- Структура таблицы `vk_diagnoz_xulosa`
--

CREATE TABLE `vk_diagnoz_xulosa` (
  `id` int(11) NOT NULL,
  `matn` varchar(1024) NOT NULL,
  `fayl` varchar(1024) NOT NULL,
  `user_id` int(11) NOT NULL,
  `created_date` int(11) NOT NULL,
  `status` int(1) NOT NULL,
  `diagnoz_id` int(11) NOT NULL
) ENGINE=InnoDB DEFAULT CHARSET=utf8;

--
-- Дамп данных таблицы `vk_diagnoz_xulosa`
--

INSERT INTO `vk_diagnoz_xulosa` (`id`, `matn`, `fayl`, `user_id`, `created_date`, `status`, `diagnoz_id`) VALUES
(1, 'asdasdasdasd', '/files/upload/diagnozxulosa/2018/December/17/EXDOGyf-8MdE-acjTSfH.docx', 0, 1545031819, 0, 0),
(2, 'asdasdasdasd', '/files/upload/diagnozxulosa/2018/December/17/TaJnLMwvAgbTEq9EGdrC.docx', 0, 1545031837, 0, 0),
(3, 'gvchgchgchg hgchg chg hgc hg chg', '/files/upload/diagnozxulosa/2018/December/17/eaWF8HrMisolToFHtj_X.docx', 0, 1545031855, 0, 0),
(4, 'adasdasd', '', 52, 1545343074, 1, 1),
(5, 'asdasdasdasd', '', 52, 1545343082, 1, 1),
(6, 'asdasdasdasd', '', 52, 1545343600, 1, 1),
(7, 'Xulosa matn 1', '', 52, 1545343627, 1, 1),
(8, 'gfdsfsfsf', 'a:1:{i:0;s:69:\"/files/upload/diagnozxulosa/2018/December/21/60XauCofGSRyyFlabiwy.doc\";}', 52, 1545346373, 0, 1),
(9, 'yangi xulosa', 'a:1:{i:0;s:70:\"/files/upload/diagnozxulosa/2018/December/22/oLc7sRKoBF5wdaaIitD5.docx\";}', 52, 1545465457, 0, 1);

-- --------------------------------------------------------

--
-- Структура таблицы `vk_hayvon`
--

CREATE TABLE `vk_hayvon` (
  `id` int(11) NOT NULL,
  `hayvon_turi_id` int(11) NOT NULL,
  `rang_id` int(11) NOT NULL,
  `name_uz` varchar(1024) NOT NULL,
  `name_ru` varchar(1024) NOT NULL,
  `user_id` int(11) NOT NULL,
  `created_date` int(11) NOT NULL,
  `updated_date` int(11) NOT NULL,
  `status` int(1) NOT NULL
) ENGINE=InnoDB DEFAULT CHARSET=utf8;

--
-- Дамп данных таблицы `vk_hayvon`
--

INSERT INTO `vk_hayvon` (`id`, `hayvon_turi_id`, `rang_id`, `name_uz`, `name_ru`, `user_id`, `created_date`, `updated_date`, `status`) VALUES
(1, 3, 2, 'Qoramol', 'Қорамол', 52, 1543666040, 1543666629, 1),
(2, 2, 1, 'Aravonli mol', 'Аравонли', 52, 1543666178, 1543901916, 1),
(3, 3, 3, 'Qorash', 'Мол', 52, 1543666197, 1544437771, 0),
(4, 2, 1, 'Sharllotta', 'Шарлотта', 52, 1543902665, 1544423386, 1),
(5, 3, 4, 'Bozorvoy', 'Базарскый', 52, 1544423328, 1544423354, 1),
(6, 7, 3, 'Буқа', 'Бык', 52, 1547023200, 0, 1),
(7, 7, 3, 'сигир', 'Корова', 52, 1547024158, 0, 1),
(8, 6, 3, 'Қўй', 'Баран', 52, 1547024203, 0, 1),
(9, 7, 1, 'Ечки', 'Коза', 52, 1547024240, 0, 1),
(10, 5, 1, 'Товуқ', 'Курица', 52, 1547024299, 0, 1),
(11, 4, 4, 'Ит', 'Собака', 52, 1547024331, 0, 1),
(12, 4, 1, 'Мушук', 'Кот', 52, 1547024372, 0, 1);

-- --------------------------------------------------------

--
-- Структура таблицы `vk_hayvon_egasi`
--

CREATE TABLE `vk_hayvon_egasi` (
  `id` int(11) NOT NULL,
  `name_uz` varchar(1024) NOT NULL,
  `name_ru` varchar(1024) NOT NULL,
  `user_id` int(11) NOT NULL,
  `created_date` int(11) NOT NULL,
  `updated_date` int(11) NOT NULL,
  `status` int(1) NOT NULL
) ENGINE=InnoDB DEFAULT CHARSET=utf8;

--
-- Дамп данных таблицы `vk_hayvon_egasi`
--

INSERT INTO `vk_hayvon_egasi` (`id`, `name_uz`, `name_ru`, `user_id`, `created_date`, `updated_date`, `status`) VALUES
(1, 'Fermer xojalik', 'Fermer xojalik', 52, 1, 1, 1),
(2, 'Shaxsiy', 'Shaxsiy', 52, 1, 1, 1),
(3, 'Hukumatga qarashli', 'Hukumatga qarashli', 52, 1, 1, 1);

-- --------------------------------------------------------

--
-- Структура таблицы `vk_hayvon_rangi`
--

CREATE TABLE `vk_hayvon_rangi` (
  `id` int(11) NOT NULL,
  `name_ru` varchar(255) NOT NULL,
  `name_uz` varchar(255) NOT NULL,
  `user_id` int(11) NOT NULL,
  `created_date` int(11) NOT NULL,
  `updated_date` int(11) DEFAULT NULL,
  `status` int(11) NOT NULL
) ENGINE=InnoDB DEFAULT CHARSET=utf8;

--
-- Дамп данных таблицы `vk_hayvon_rangi`
--

INSERT INTO `vk_hayvon_rangi` (`id`, `name_ru`, `name_uz`, `user_id`, `created_date`, `updated_date`, `status`) VALUES
(1, 'Белый', 'Oq', 52, 1544421827, 1544422460, 1),
(2, 'Красный', 'Qizil', 52, 1544421907, NULL, 1),
(3, 'Чёрный', 'Qora', 52, 1544421956, 1544422479, 1),
(4, 'Жёлтый', 'Sariq', 52, 1544422055, 1544422579, 1);

-- --------------------------------------------------------

--
-- Структура таблицы `vk_hayvon_turi`
--

CREATE TABLE `vk_hayvon_turi` (
  `id` int(11) NOT NULL,
  `name_ru` varchar(1024) NOT NULL,
  `name_uz` varchar(1024) NOT NULL,
  `user_id` int(11) NOT NULL,
  `created_date` int(11) NOT NULL,
  `updated_date` int(11) NOT NULL,
  `status` int(1) NOT NULL
) ENGINE=InnoDB DEFAULT CHARSET=utf8;

--
-- Дамп данных таблицы `vk_hayvon_turi`
--

INSERT INTO `vk_hayvon_turi` (`id`, `name_ru`, `name_uz`, `user_id`, `created_date`, `updated_date`, `status`) VALUES
(1, 'cvxcv222', 'e232r2', 52, 1543664933, 1543665171, 9),
(2, 'zzaxsaxcasc', 'wetwet', 52, 1543665158, 1547021339, 9),
(3, 'Корова', 'Qora mol', 52, 1543665218, 1547021335, 9),
(4, 'Uy hayvonlari', 'Uy hayvonlari', 52, 1, 1, 1),
(5, 'Parrandalar', 'Parrandalar', 52, 2, 1547021356, 1),
(6, 'Mayda shoxlilar', 'Mayda shoxlilar', 52, 1, 1, 1),
(7, 'Yirik shoxlilar', 'Yirik shoxlilar', 52, 1, 1, 1);

-- --------------------------------------------------------

--
-- Структура таблицы `vk_hudud_uchastka`
--

CREATE TABLE `vk_hudud_uchastka` (
  `id` int(11) NOT NULL,
  `hudud_id` int(11) NOT NULL,
  `uchastka_id` int(11) NOT NULL
) ENGINE=InnoDB DEFAULT CHARSET=utf8;

--
-- Дамп данных таблицы `vk_hudud_uchastka`
--

INSERT INTO `vk_hudud_uchastka` (`id`, `hudud_id`, `uchastka_id`) VALUES
(1, 1, 325),
(2, 2, 326),
(3, 2, 327),
(4, 2, 328),
(5, 1, 329),
(6, 2, 330),
(7, 2, 331),
(8, 2, 332),
(9, 1, 333),
(10, 2, 333),
(11, 1, 119),
(12, 2, 119),
(13, 1, 120),
(14, 2, 120),
(15, 1, 121),
(16, 2, 121),
(17, 1, 122),
(18, 2, 122),
(19, 4, 123),
(20, 3, 123),
(21, 4, 346),
(22, 3, 346),
(23, 3, 347),
(24, 4, 347),
(25, 3, 348),
(26, 3, 349),
(27, 3, 350),
(28, 4, 351),
(29, 4, 352),
(30, 4, 353),
(31, 3, 354),
(32, 4, 355),
(33, 3, 356),
(34, 4, 357),
(35, 4, 358),
(36, 4, 359),
(37, 4, 360),
(38, 4, 361),
(39, 4, 362),
(40, 4, 363),
(41, 4, 364),
(42, 4, 365),
(43, 5, 371),
(44, 6, 373);

-- --------------------------------------------------------

--
-- Структура таблицы `vk_kasal`
--

CREATE TABLE `vk_kasal` (
  `id` int(11) NOT NULL,
  `kasal_id` int(11) NOT NULL,
  `created_date` int(11) NOT NULL,
  `updated_date` int(11) DEFAULT NULL,
  `name_ru` varchar(255) NOT NULL,
  `name_uz` varchar(255) NOT NULL,
  `status` int(11) NOT NULL,
  `user_id` int(11) NOT NULL
) ENGINE=InnoDB DEFAULT CHARSET=utf8;

--
-- Дамп данных таблицы `vk_kasal`
--

INSERT INTO `vk_kasal` (`id`, `kasal_id`, `created_date`, `updated_date`, `name_ru`, `name_uz`, `status`, `user_id`) VALUES
(1, 2, 1543915494, 1543915730, 'Метаханьдроз', 'Metahandroz', 1, 52),
(2, 3, 1543915562, 1543915601, 'Мессинг', 'Messing', 1, 52),
(3, 2, 1547025298, 1547025313, 'аваа', 'ава', 9, 52);

-- --------------------------------------------------------

--
-- Структура таблицы `vk_kasal_turi`
--

CREATE TABLE `vk_kasal_turi` (
  `id` int(11) NOT NULL,
  `name_ru` varchar(255) NOT NULL,
  `name_uz` varchar(255) NOT NULL,
  `status` int(11) NOT NULL,
  `created_date` int(11) NOT NULL,
  `updated_date` int(11) DEFAULT NULL,
  `user_id` int(11) NOT NULL
) ENGINE=InnoDB DEFAULT CHARSET=utf8;

--
-- Дамп данных таблицы `vk_kasal_turi`
--

INSERT INTO `vk_kasal_turi` (`id`, `name_ru`, `name_uz`, `status`, `created_date`, `updated_date`, `user_id`) VALUES
(1, 'Қорамол', 'Kuyfirgi', 1, 0, NULL, 52),
(2, 'Антихандроз', 'Antixandroz', 1, 1543910917, 1543911588, 52),
(3, 'Волфрам', 'Volfram', 1, 1543914844, NULL, 52),
(4, 'Сибирская язва лошадей', 'Отлар яраси', 1, 1547022163, NULL, 52),
(5, 'Болезнь Гамборо птицы', 'Гамборо қуш касаллиги', 1, 1547022362, NULL, 52),
(6, 'Болезнь Марека птица', 'Марека қуш касаллиги', 1, 1547022441, NULL, 52),
(7, 'Гельминтозы свиней', 'Чўчкалар Гельминтози', 1, 1547023977, NULL, 52),
(8, 'Гельминтозы лошадей', 'Отлар Гельминтози', 1, 1547024050, NULL, 52),
(9, 'Гельминтозы Собак', 'Итлар Гельминтози ', 1, 1547024110, NULL, 52),
(10, 'Булок', 'Оқсил', 9, 1547024524, 1547025175, 52),
(11, 'Кокцидиоз', 'Кокцидиоз', 1, 1547024680, NULL, 52),
(12, 'Белок', 'Оқсил', 1, 1547025206, NULL, 52);

-- --------------------------------------------------------

--
-- Структура таблицы `vk_proxod`
--

CREATE TABLE `vk_proxod` (
  `id` int(11) NOT NULL,
  `name_ru` varchar(255) NOT NULL,
  `name_uz` varchar(255) NOT NULL,
  `count` int(11) NOT NULL,
  `ostatok` int(11) NOT NULL DEFAULT '0',
  `vaksina_id` int(11) NOT NULL,
  `unit_id` int(11) NOT NULL,
  `created_date` int(11) NOT NULL,
  `updated_date` int(11) DEFAULT NULL,
  `number` varchar(255) NOT NULL,
  `prixod_date` int(11) NOT NULL,
  `status` int(11) NOT NULL,
  `user_id` int(11) NOT NULL
) ENGINE=InnoDB DEFAULT CHARSET=utf8;

--
-- Дамп данных таблицы `vk_proxod`
--

INSERT INTO `vk_proxod` (`id`, `name_ru`, `name_uz`, `count`, `ostatok`, `vaksina_id`, `unit_id`, `created_date`, `updated_date`, `number`, `prixod_date`, `status`, `user_id`) VALUES
(1, 'Матиз', 'werwer', 120, 110, 4, 1, 1544513876, 1544637126, '324324', 1544507800, 1, 52),
(2, 'ваксина', 'werwer', 150, 0, 4, 2, 1544513899, 1544523043, '324324', 1544507800, 1, 52),
(3, 'Клиника', 'werwer', 1300, 100, 2, 4, 1544513911, 1544636961, '№-324324', 1544507800, 1, 52),
(4, 'Клиника', 'werwer', 13, 0, 2, 4, 1544514031, 1544522988, '№-324324', 1544507800, 9, 52),
(5, 'Цебуфен', 'Sebufen', 1001, 0, 6, 2, 1544522963, 1544522979, 'x-0151-01', 1543816600, 1, 52),
(6, 'aaabbb', 'aaabbb', 100, 30, 2, 2, 1544764564, 1544772362, 'aaabbb', 1544759800, 1, 52),
(7, 'kirim 1', 'kirim 1', 10000, 0, 11, 4, 1545322235, NULL, '1-kirim', 1545278200, 1, 52),
(8, 'Vaksina nomi 1 ru', 'Vaksina nomi 1 uz', 10000, 200, 4, 3, 1545643369, 1545648544, 'nomer2', 1545623800, 1, 52),
(9, 'arrival 01.04.2019 000', 'arrival 01.04.2019 000', 100000, 2400, 12, 3, 1546598692, 1546864905, 'arrival 01.04.2019 000 num', 1546574200, 1, 52),
(10, 'aaaaaaaaaaaaaaa', 'aaaaaaaaaaaaaa', 500000, 6000, 11, 4, 1546859469, 1546871843, 'aaaaaaaaaaaa', 1546833400, 1, 52),
(11, 'Yangi prixod res', 'Yangi prixod res', 1000000, 100000, 11, 4, 1547278552, 1547278575, 'Yangi prixod res num', 1547276200, 1, 52),
(12, 'Таблетка1', 'Tabltka1', 1000, 1000, 11, 4, 1557414956, NULL, '54655', 1557385000, 1, 52);

-- --------------------------------------------------------

--
-- Структура таблицы `vk_reestr`
--

CREATE TABLE `vk_reestr` (
  `id` int(11) NOT NULL,
  `viloyat_id` int(11) NOT NULL,
  `name_businesses` varchar(128) NOT NULL,
  `tuman_id` int(11) NOT NULL,
  `adress` varchar(128) NOT NULL,
  `stir` int(11) NOT NULL,
  `type_id` int(3) NOT NULL,
  `special_code` varchar(25) NOT NULL,
  `created_date` int(11) NOT NULL,
  `updated_date` int(11) NOT NULL,
  `user_id` int(11) NOT NULL,
  `status` int(2) DEFAULT NULL,
  `vk_typeactivity` int(11) NOT NULL,
  `fio` varchar(512) NOT NULL,
  `rs` varchar(512) NOT NULL,
  `bank` varchar(512) NOT NULL,
  `mfo` int(11) NOT NULL,
  `oked` int(11) NOT NULL
) ENGINE=InnoDB DEFAULT CHARSET=utf8;

--
-- Дамп данных таблицы `vk_reestr`
--

INSERT INTO `vk_reestr` (`id`, `viloyat_id`, `name_businesses`, `tuman_id`, `adress`, `stir`, `type_id`, `special_code`, `created_date`, `updated_date`, `user_id`, `status`, `vk_typeactivity`, `fio`, `rs`, `bank`, `mfo`, `oked`) VALUES
(1, 1, 'Adolat Samo Bussiness', 9, 'fcsdvsdvdsvsdvsd', 123123123, 1, '45265', 1255777433, 1212354534, 52, NULL, 0, '', '', '', 0, 0),
(2, 3, 'Дониёрбек ривож чорваси МЧЖ га карашли №1-сонли кушхона', 6, 'chilonzor tumani 16', 4654, 7989, '321588', 0, 0, 0, NULL, 0, '', '', '', 0, 0),
(3, 3, 'Дониёрбек ривож чорваси МЧЖ га карашли №1-сонли кушхона', 11, 'yunusobod tumani amir temur ko\'chasi 108', 5545454, 333333332, '4777777', 13122018, 13122017, 0, 1, 0, '', '', '', 0, 0),
(4, 1, 'sdfdfsdf', 12, 'fdgdfgdfgdfg', 123456789, 2, '765', 1545634869, 0, 52, 1, 0, 'sdfsdf', '12345678901234567890', '345345', 12345, 12345),
(5, 11, 'ttt1', 136, 'klk', 100000445, 1, '112', 1557418235, 0, 52, 1, 0, 'jjhk', '22154545454564654654', 'n', 10022, 11204);

-- --------------------------------------------------------

--
-- Структура таблицы `vk_tuman`
--

CREATE TABLE `vk_tuman` (
  `id` int(11) NOT NULL,
  `viloyat_id` int(11) NOT NULL,
  `tuman_id` int(11) NOT NULL,
  `vaksina_id` int(11) NOT NULL,
  `vaksina_miqdor` int(11) NOT NULL,
  `user_id` int(11) NOT NULL,
  `created_date` int(11) NOT NULL,
  `updated_date` int(11) NOT NULL,
  `status` int(1) NOT NULL,
  `vil_prixod` int(11) NOT NULL,
  `nomer` varchar(128) NOT NULL,
  `vaksina_date` int(11) NOT NULL,
  `ostatok` int(11) NOT NULL,
  `prixod_id` int(11) NOT NULL,
  `prixod_date` int(11) NOT NULL
) ENGINE=InnoDB DEFAULT CHARSET=utf8;

--
-- Дамп данных таблицы `vk_tuman`
--

INSERT INTO `vk_tuman` (`id`, `viloyat_id`, `tuman_id`, `vaksina_id`, `vaksina_miqdor`, `user_id`, `created_date`, `updated_date`, `status`, `vil_prixod`, `nomer`, `vaksina_date`, `ostatok`, `prixod_id`, `prixod_date`) VALUES
(1, 1, 11, 4, 1, 52, 1544191321, 0, 1, 0, '0', 0, 0, 0, 0),
(2, 1, 6, 3, 5, 52, 1544191344, 0, 1, 0, '0', 0, 0, 0, 0),
(3, 1, 11, 4, 2, 52, 1544191402, 0, 1, 0, '0', 0, 0, 0, 0),
(4, 1, 11, 3, 2, 52, 1544191415, 0, 1, 0, '0', 0, 0, 0, 0),
(5, 3, 36, 12, 50, 141, 1546598930, 1546869003, 1, 31, 'arrival 01.04.2019 tum num', 1546574200, 50, 9, 0),
(6, 3, 36, 12, 200, 141, 1546867712, 1546869111, 1, 33, '12345hy87', 1546833400, 200, 9, 0),
(7, 3, 36, 11, 1000, 141, 1546871880, 1547278770, 1, 35, 'bg_11', 1546833400, 600, 10, 0),
(8, 3, 36, 11, 50000, 141, 1547278690, 1547278747, 1, 36, 'Yangi prixod tum num', 1547276200, 5000, 11, 0);

-- --------------------------------------------------------

--
-- Структура таблицы `vk_typeactivity`
--

CREATE TABLE `vk_typeactivity` (
  `id` int(11) NOT NULL,
  `name_uz` varchar(128) DEFAULT NULL,
  `name_ru` varchar(128) NOT NULL,
  `created_date` int(11) NOT NULL,
  `updated_date` int(11) DEFAULT NULL,
  `user_id` int(11) NOT NULL,
  `status` int(11) NOT NULL DEFAULT '1'
) ENGINE=InnoDB DEFAULT CHARSET=utf8;

--
-- Дамп данных таблицы `vk_typeactivity`
--

INSERT INTO `vk_typeactivity` (`id`, `name_uz`, `name_ru`, `created_date`, `updated_date`, `user_id`, `status`) VALUES
(1, 'Kompaniya', 'Компания', 1544796069, 1544796719, 52, 1),
(2, 'Adolat Samo Bussiness', 'Адолат Само', 1544796739, NULL, 52, 1),
(3, 'OOO', 'ОАО', 1544796784, NULL, 52, 1);

-- --------------------------------------------------------

--
-- Структура таблицы `vk_uchastka`
--

CREATE TABLE `vk_uchastka` (
  `id` int(11) NOT NULL,
  `viloyat_id` int(11) NOT NULL,
  `tuman_id` int(11) NOT NULL,
  `uchastka_id` int(11) NOT NULL,
  `vaksina_miqdor` int(11) NOT NULL,
  `vaksina_id` int(11) NOT NULL,
  `user_id` int(11) NOT NULL,
  `created_at` int(11) NOT NULL,
  `updated_at` int(11) NOT NULL,
  `status` int(1) NOT NULL,
  `tum_prixod` int(11) NOT NULL,
  `nomer` varchar(128) NOT NULL,
  `ostatok` int(11) NOT NULL DEFAULT '0',
  `vaksina_date` int(11) NOT NULL,
  `prixod_id` int(11) NOT NULL,
  `close_image` varchar(1024) NOT NULL,
  `close_xulosa` varchar(2048) NOT NULL
) ENGINE=InnoDB DEFAULT CHARSET=utf8;

--
-- Дамп данных таблицы `vk_uchastka`
--

INSERT INTO `vk_uchastka` (`id`, `viloyat_id`, `tuman_id`, `uchastka_id`, `vaksina_miqdor`, `vaksina_id`, `user_id`, `created_at`, `updated_at`, `status`, `tum_prixod`, `nomer`, `ostatok`, `vaksina_date`, `prixod_id`, `close_image`, `close_xulosa`) VALUES
(1, 2, 21, 114, 50, 5, 52, 1, 1, 1, 12, 'w23e', 40, 1, 0, '', ''),
(2, 2, 21, 114, 40, 6, 52, 1, 1, 0, 11, 'e32ewwe', 40, 1, 0, '', ''),
(3, 3, 36, 6, 10, 12, 0, 0, 1547136746, 0, 5, 'arrival 01.04.2019 uchastka num', 0, 1546574200, 9, '', ''),
(4, 3, 36, 5, 8, 12, 141, 0, 0, 0, 5, 'arrival 01.04.2019 uchastka num', 0, 1546574200, 9, '', ''),
(5, 3, 36, 5, 32, 12, 141, 0, 0, 0, 5, 'sw123', 0, 1546833400, 9, '', ''),
(6, 3, 36, 5, 200, 12, 141, 0, 0, 0, 6, 'nomer222', 0, 1546833400, 9, '', ''),
(7, 3, 36, 6, 500, 11, 0, 0, 1553763305, 0, 7, 'qaz123wsx', 16, 1546833400, 10, '', ''),
(8, 3, 36, 6, 5000, 11, 0, 0, 1548746655, 0, 8, 'Yangi prixod uchastka num', 4952, 1547276200, 11, '', ''),
(9, 3, 36, 6, 100, 11, 0, 0, 1553767073, 0, 7, 'oiuy6789', 75, 1547276200, 10, '', '');

-- --------------------------------------------------------

--
-- Структура таблицы `vk_uchastka_user`
--

CREATE TABLE `vk_uchastka_user` (
  `id` int(11) NOT NULL,
  `username` varchar(512) NOT NULL,
  `tel_raqam` int(11) NOT NULL,
  `viloyat_id` int(11) NOT NULL,
  `tuman_id` int(11) NOT NULL,
  `uchastka_id` int(11) NOT NULL,
  `rasm` varchar(1024) NOT NULL,
  `token` varchar(64) NOT NULL,
  `created_date` int(11) NOT NULL,
  `status` int(1) NOT NULL,
  `location` varchar(1024) NOT NULL,
  `parol` varchar(1024) NOT NULL
) ENGINE=InnoDB DEFAULT CHARSET=utf8;

-- --------------------------------------------------------

--
-- Структура таблицы `vk_unit`
--

CREATE TABLE `vk_unit` (
  `id` int(11) NOT NULL,
  `name_ru` varchar(128) NOT NULL,
  `name_uz` varchar(128) NOT NULL,
  `status` int(11) NOT NULL,
  `created_date` int(11) NOT NULL,
  `updated_date` int(11) DEFAULT NULL,
  `user_id` int(11) NOT NULL
) ENGINE=InnoDB DEFAULT CHARSET=utf8;

--
-- Дамп данных таблицы `vk_unit`
--

INSERT INTO `vk_unit` (`id`, `name_ru`, `name_uz`, `status`, `created_date`, `updated_date`, `user_id`) VALUES
(1, 'Тонна', 'Tonna', 1, 1544433618, 1544433909, 52),
(2, 'Литр', 'Litr', 1, 1544433646, 1544433896, 52),
(3, 'Дона', 'Dona', 1, 1544433668, 1544433932, 52),
(4, 'Кг', 'Kg', 1, 1544433704, 1544437979, 52);

-- --------------------------------------------------------

--
-- Структура таблицы `vk_unit_measure`
--

CREATE TABLE `vk_unit_measure` (
  `id` int(11) NOT NULL,
  `unit_id` int(11) NOT NULL,
  `name_uz` varchar(128) NOT NULL,
  `name_ru` varchar(128) NOT NULL,
  `created_date` int(11) NOT NULL,
  `updated_date` int(11) DEFAULT NULL,
  `status` int(11) NOT NULL,
  `user_id` int(11) NOT NULL
) ENGINE=InnoDB DEFAULT CHARSET=utf8;

--
-- Дамп данных таблицы `vk_unit_measure`
--

INSERT INTO `vk_unit_measure` (`id`, `unit_id`, `name_uz`, `name_ru`, `created_date`, `updated_date`, `status`, `user_id`) VALUES
(1, 1, 'Kg', 'Кг', 1544436970, NULL, 1, 52),
(2, 3, 'ta', 'Единиц', 1544437319, 1544437861, 1, 52),
(3, 1, 'Litr', 'Литр', 1544437356, 1544437844, 1, 52);

-- --------------------------------------------------------

--
-- Структура таблицы `vk_vaksinatsiya`
--

CREATE TABLE `vk_vaksinatsiya` (
  `id` int(11) NOT NULL,
  `vk_turi` int(11) NOT NULL,
  `name_ru` varchar(1024) NOT NULL,
  `name_uz` varchar(1024) NOT NULL,
  `created_date` int(11) NOT NULL,
  `updated_date` int(11) DEFAULT NULL,
  `status` int(1) NOT NULL DEFAULT '1',
  `user_id` int(11) NOT NULL,
  `count` int(11) NOT NULL,
  `unit_id` int(11) NOT NULL,
  `doza` varchar(255) NOT NULL,
  `mol` varchar(1024) NOT NULL DEFAULT '-1',
  `qoy` varchar(1024) NOT NULL DEFAULT '-1',
  `tovuq` varchar(1024) NOT NULL DEFAULT '-1',
  `mushuk` varchar(1024) NOT NULL DEFAULT '-1'
) ENGINE=InnoDB DEFAULT CHARSET=utf8;

--
-- Дамп данных таблицы `vk_vaksinatsiya`
--

INSERT INTO `vk_vaksinatsiya` (`id`, `vk_turi`, `name_ru`, `name_uz`, `created_date`, `updated_date`, `status`, `user_id`, `count`, `unit_id`, `doza`, `mol`, `qoy`, `tovuq`, `mushuk`) VALUES
(1, 1, 'sdfgasd', 'asdfsad', 1543407811, 1547120526, 9, 52, 100, 1, '0', '', '', '', ''),
(2, 3, 'Омонолить', 'Omonolit', 1543407954, 1547120529, 9, 52, 25, 2, '0', '', '', '', ''),
(3, 3, 'Шиповникь', 'Namatak', 1543408679, 1547120534, 9, 52, 45, 4, '0', '', '', '', ''),
(4, 4, 'Тимати', 'Timati', 1543658315, NULL, 1, 52, 1000, 3, '0.25', '', '', '', ''),
(5, 3, 'sdcsdcsd', 'sdcsdcds', 1543659034, 1547120537, 9, 52, 222, 1, '0', '', '', '', ''),
(6, 6, 'sdfsd', 'sdfds', 1543664731, NULL, 1, 52, 357, 2, '0', '', '', '', ''),
(7, 7, 'Тест', 'Test', 1544186362, 1547120540, 9, 52, 741, 3, '0', '', '', '', ''),
(8, 0, 'sdv', 'sdv', 1544530230, NULL, 9, 52, 0, 3, '234', '', '', '', ''),
(9, 0, 'hbjh', 'jhvbhj', 1544530482, NULL, 9, 52, 0, 3, '0.23', '', '', '', ''),
(10, 4, '231', '123', 1544531340, 1544531546, 1, 52, 0, 3, '123', '', '', '', ''),
(11, 8, 'Vaksina nomi 1', 'Vaksina nomi 1', 1545322105, NULL, 1, 52, 0, 4, '10', '10', '5', '2', '3'),
(12, 8, 'Vaksina nomi 2', 'Vaksina nomi 2', 1545322133, NULL, 1, 52, 0, 3, '5', '5', '3', '1', '1');

-- --------------------------------------------------------

--
-- Структура таблицы `vk_vaksina_animal`
--

CREATE TABLE `vk_vaksina_animal` (
  `id` int(11) NOT NULL,
  `vaksina_id` int(11) NOT NULL,
  `amount` int(11) NOT NULL,
  `category_id` int(11) NOT NULL,
  `max_age` int(11) NOT NULL,
  `min_age` int(11) NOT NULL,
  `temperatura` varchar(255) DEFAULT NULL,
  `emlash_turi` int(2) DEFAULT NULL,
  `emlash_vaqti` varchar(255) DEFAULT NULL,
  `emlash_hududi` varchar(255) DEFAULT NULL,
  `hayvon_turi_yoshi` varchar(255) DEFAULT NULL,
  `emlash_uchun` varchar(255) DEFAULT NULL,
  `emlash_davri` varchar(255) DEFAULT '0',
  `revaksinatsiya` varchar(512) DEFAULT NULL,
  `laboratoriya_diagnos` varchar(512) DEFAULT NULL,
  `talab_cheklash` varchar(512) DEFAULT NULL,
  `immunitet` varchar(512) DEFAULT NULL
) ENGINE=InnoDB DEFAULT CHARSET=utf8;

--
-- Дамп данных таблицы `vk_vaksina_animal`
--

INSERT INTO `vk_vaksina_animal` (`id`, `vaksina_id`, `amount`, `category_id`, `max_age`, `min_age`, `temperatura`, `emlash_turi`, `emlash_vaqti`, `emlash_hududi`, `hayvon_turi_yoshi`, `emlash_uchun`, `emlash_davri`, `revaksinatsiya`, `laboratoriya_diagnos`, `talab_cheklash`, `immunitet`) VALUES
(1, 12, 5, 7, 36, 3, NULL, NULL, NULL, NULL, NULL, NULL, '0', NULL, NULL, NULL, NULL),
(2, 11, 10, 6, 60, 12, NULL, NULL, NULL, NULL, NULL, NULL, '0', NULL, NULL, NULL, NULL),
(3, 11, 5, 7, 48, 6, NULL, NULL, NULL, NULL, NULL, NULL, '0', NULL, NULL, NULL, NULL);

-- --------------------------------------------------------

--
-- Структура таблицы `vk_vaksina_perform`
--

CREATE TABLE `vk_vaksina_perform` (
  `id` int(11) NOT NULL,
  `uchastka_id` int(11) NOT NULL,
  `vaksina_miqdor` int(11) NOT NULL,
  `vaksina_id` int(11) NOT NULL,
  `hayvon_turi` int(11) NOT NULL,
  `hayvon_rangi` int(11) NOT NULL,
  `hayvon_rasm` varchar(1024) NOT NULL,
  `created_at` int(11) NOT NULL,
  `status` int(1) NOT NULL,
  `location_longitude` double NOT NULL,
  `location_latitude` double NOT NULL,
  `hayvon_egasi_turi` int(11) NOT NULL,
  `hayvon_egasi` varchar(512) NOT NULL,
  `hayvon_yoshi` int(11) DEFAULT NULL,
  `manzil` varchar(1024) NOT NULL,
  `real_miqdor` int(11) DEFAULT NULL,
  `tasdiq_rasm` varchar(1024) DEFAULT NULL,
  `prixod_uchastka_id` int(11) NOT NULL
) ENGINE=InnoDB DEFAULT CHARSET=utf8;

--
-- Дамп данных таблицы `vk_vaksina_perform`
--

INSERT INTO `vk_vaksina_perform` (`id`, `uchastka_id`, `vaksina_miqdor`, `vaksina_id`, `hayvon_turi`, `hayvon_rangi`, `hayvon_rasm`, `created_at`, `status`, `location_longitude`, `location_latitude`, `hayvon_egasi_turi`, `hayvon_egasi`, `hayvon_yoshi`, `manzil`, `real_miqdor`, `tasdiq_rasm`, `prixod_uchastka_id`) VALUES
(1, 114, 6, 56, 56, 56, '2018/December/11/P01IIzyxATJYHcFE97b4.png', 1544555672, 0, 0, 0, 56, 'egasi5', NULL, 'manzil5', NULL, NULL, 0),
(2, 114, 6, 56, 56, 56, '2018/December/12/lxxRuag3K5fLzVzA_7Yj.png', 1544590249, 0, 0, 0, 56, 'egasi5', NULL, 'manzil5', NULL, NULL, 0),
(3, 114, 6, 56, 56, 56, '2018/December/12/YbNMwPytuPzQOnVVhCiC.png', 1544590293, 0, 0, 0, 56, 'egasi5', NULL, 'manzil5', NULL, NULL, 0),
(4, 114, 6, 56, 56, 56, '2018/December/12/obm1_t2H8vOs5JzJJzO2.png', 1544590331, 0, 0, 0, 56, 'egasi5', NULL, 'manzil5', NULL, NULL, 0),
(5, 114, 6, 56, 56, 56, '2018/December/12/HzHOvgWCmCrQQsY-3Zka.png', 1544590360, 0, 0, 0, 56, 'egasi5', NULL, 'manzil5', NULL, NULL, 0),
(6, 113, 0, 56, 56, 56, '2018/December/12/54hvB8QErfPsBa6Jp-94.png', 0, 1, 0, 0, 56, 'egasi5', NULL, 'manzil5', NULL, 'files/upload/vaksinasend/2018/December/20/3c-B3SqYd_HS7zhYuWMZ.png', 0),
(7, 113, 0, 56, 56, 56, '2018/December/12/EAGIOEJJOpxnxtTCx-_0.png', 0, 0, 0, 0, 56, 'egasi5', NULL, 'manzil5', NULL, NULL, 0),
(8, 113, 0, 56, 56, 56, '2018/December/12/qfIkXw1ZK0NL2b-pdrqb.png', 0, 0, 0, 0, 56, 'egasi5', NULL, 'manzil5', NULL, NULL, 0),
(9, 114, 2, 2, 56, 56, 'rasmyoq', 0, 0, 0, 0, 56, 'egasi5', NULL, 'manzil5', NULL, NULL, 0),
(10, 114, 2, 9, 56, 56, '2018/December/12/43wa4QGv7uFeqNy1_4y2.png', 0, 0, 0, 0, 56, 'egasi5', NULL, 'manzil5', NULL, NULL, 0),
(11, 114, 6, 2, 56, 56, '2018/December/12/gJHiQw_23USwov9YZZlY.png', 0, 0, 0, 0, 56, 'egasi5', NULL, 'manzil5', NULL, NULL, 0),
(12, 114, 2, 1, 56, 56, '2018/December/12/iR_WykJgB1GTa3T8HsFv.png', 0, 0, 0, 0, 56, 'egasi5', NULL, 'manzil5', NULL, NULL, 0),
(13, 143, 0, 12, 12, 0, '2019/January/09/2LYO2RacWJ89L--sFZVw.png', 1547046625, 0, 69.268477, 41.302332, 1, 'Fjhh Hhgg Uyyy', 25, 'Тошкент, Afrosiyob ko\'chasi, 4 Б', NULL, NULL, 3),
(14, 143, 0, 11, 10, 0, '2019/January/09/zuNDJulNdFTlCt3yjzoN.png', 1547046675, 0, 69.25997, 41.295309, 3, 'Ffg Kko', 3, 'Тошкент, Beshchinor ko\'chasi, 41', NULL, NULL, 7),
(15, 143, 0, 12, 6, 0, '2019/January/09/v3NqewzeEkUFGvtVNRjv.png', 1547046983, 0, 69.25997, 41.295309, 2, 'Vhjk', 36, 'cvggg', NULL, NULL, 3),
(16, 143, 96, 11, 7, 0, '2019/January/09/XPPcH8crHzreFpHieP3d.png', 1547047668, 0, 69.275954, 41.305868, 3, 'Gfh', 3, 'gdf', NULL, NULL, 7),
(17, 143, 2, 12, 11, 0, '2019/January/09/-vQ26OME5cNZA3XCWQJE.png', 1547062737, 0, 69.195778, 41.277509, 2, 'Sarvar Makhmudjanov', 12, 'Тошкент, Zargarlik ko\'chasi, 3', NULL, NULL, 3),
(18, 143, 3, 12, 12, 0, '2019/January/10/s7JjQohlL762JcFPxFYJ.png', 1547136746, 0, 66.827802, 39.640604, 1, 'Fhh', 2, 'Samarkand, Samarkand', NULL, NULL, 3),
(19, 143, 36, 11, 12, 0, '2019/January/12/PyOLOv1E4FPXb9dRhoPw.png', 1547281888, 0, 66.827802, 39.640604, 2, 'Test', 2, 'hshheheh', NULL, NULL, 8),
(20, 143, 80, 11, 12, 0, '2019/January/12/cof5_t60cJh-FXJ6i1LX.png', 1547316041, 0, 66.827802, 39.640604, 2, 'Hvgg', 3, 'jggg', NULL, NULL, 7),
(21, 143, 12, 11, 7, 0, '2019/January/29/PILb6M2PiN4uqHLeEXQL.png', 1548746655, 0, 69.194723, 41.281708, 1, 'Rashidov', 4, 'Тошкент, Kichik Xalqa Yo\'li, Kichik Xalqa Yo\'li', NULL, NULL, 8),
(22, 143, 2, 11, 12, 0, '2019/March/28/PpbQ8cowWwhZjcmMxfHi.png', 1553759397, 0, 69.224703, 41.289085, 2, 'Fg Hhh Hhu', 2, 'Тошкент, 3', NULL, NULL, 7),
(23, 143, 2, 11, 12, 0, '2019/March/28/LVuXJvDG1mgP-JQ7cF3_.png', 1553763305, 0, 69.224712, 41.289084, 2, 'Fgg Hyh Huy', 2, 'Тошкент, 3', NULL, NULL, 7),
(24, 143, 25, 11, 11, 0, '2019/March/28/61NtZCLBZMp2RV4nvH1A.png', 1553767073, 0, 69.224771, 41.289113, 1, 'Fhbb', 2, 'Тошкент, 3', NULL, NULL, 9);

-- --------------------------------------------------------

--
-- Структура таблицы `vk_vaksina_turi`
--

CREATE TABLE `vk_vaksina_turi` (
  `id` int(11) NOT NULL,
  `name_ru` varchar(1024) NOT NULL,
  `name_uz` varchar(1024) NOT NULL,
  `created_date` int(11) NOT NULL,
  `updated_date` int(11) DEFAULT NULL,
  `status` int(1) NOT NULL,
  `user_id` int(11) NOT NULL
) ENGINE=InnoDB DEFAULT CHARSET=utf8;

--
-- Дамп данных таблицы `vk_vaksina_turi`
--

INSERT INTO `vk_vaksina_turi` (`id`, `name_ru`, `name_uz`, `created_date`, `updated_date`, `status`, `user_id`) VALUES
(1, 'Вакцина', 'Vaccine', 0, 1543664374, 1, 52),
(2, 'Ангилиб', 'Angilib', 0, 1543652221, 9, 52),
(3, 'Молекула', 'Molekula', 0, NULL, 1, 52),
(4, 'aaaaaaaa', 'vvvvvvvv', 0, 1547119765, 9, 52),
(5, 'asdasd', 'zxzxczx', 0, 1543664592, 9, 52),
(6, 'saxc', 'zxczx', 0, 1547120472, 9, 52),
(7, 'Гиппократ', ' Gippokrat', 1543910952, NULL, 1, 52),
(8, 'Vaksina turi 1', 'Vaksina turi 1', 1545322029, 1547119759, 9, 52),
(9, 'Vaksina turi 2', 'Vaksina turi 2', 1545322038, 1547119753, 9, 52),
(10, 'Живая', 'Тирик', 1547028256, NULL, 1, 52),
(11, 'Инактивированные вакцины', 'инактиватсияланган вакциналар', 1547029342, 1547119811, 9, 52),
(12, 'Корпискулярные вакцины', 'Корпискуляр вакциналар', 1547029482, 1547119805, 9, 52),
(13, 'Химические вакцины', 'Кимёвий вакциналар', 1547029576, 1547119801, 9, 52),
(14, 'Рекомбинантные вакцины', 'Рекомбинант вакциналар', 1547029680, 1547119796, 9, 52),
(15, 'Поливалетные вакцины', 'Поливалент вакциналар', 1547029831, 1547119793, 9, 52),
(16, 'Диагностические иследование', 'Диагностик тестлар', 1547119922, NULL, 1, 52),
(17, 'Капрологические следование', 'Касалликнинг қуйи бўғинлари', 1547120159, NULL, 1, 52),
(18, 'Клинические обследование', 'Клиник текшириш', 1547120348, NULL, 1, 52),
(19, 'Профилактические мероприятия', 'Профилактик чоралар', 1547120427, NULL, 1, 52);

-- --------------------------------------------------------

--
-- Структура таблицы `vk_viloyat`
--

CREATE TABLE `vk_viloyat` (
  `id` int(11) NOT NULL,
  `viloyat_id` int(11) NOT NULL,
  `user_id` int(11) NOT NULL,
  `created_date` int(11) NOT NULL,
  `updated_date` int(11) NOT NULL,
  `status` int(1) NOT NULL,
  `vaksina_miqdor` int(11) NOT NULL,
  `vaksina_id` int(11) NOT NULL,
  `proxod_id` int(11) NOT NULL,
  `proxod_date` int(11) NOT NULL,
  `ostatok` int(11) NOT NULL,
  `nomer` varchar(128) NOT NULL,
  `kamomat` int(11) NOT NULL
) ENGINE=InnoDB DEFAULT CHARSET=utf8;

--
-- Дамп данных таблицы `vk_viloyat`
--

INSERT INTO `vk_viloyat` (`id`, `viloyat_id`, `user_id`, `created_date`, `updated_date`, `status`, `vaksina_miqdor`, `vaksina_id`, `proxod_id`, `proxod_date`, `ostatok`, `nomer`, `kamomat`) VALUES
(1, 2, 114, 1543414198, 1544624880, 0, 12, 3, 0, 0, 0, '0', 0),
(2, 3, 52, 1543414215, 0, 0, 321456, 3, 0, 0, 0, '0', 0),
(3, 4, 52, 1543841534, 0, 0, 123, 4, 0, 0, 0, '0', 0),
(4, 2, 114, 0, 1544624804, 0, 5, 6, 12, 18, 0, '0', 0),
(5, 2, 114, 1544174480, 1544623868, 1, 12, 1, 12, 1543186800, 0, '0', 0),
(6, 4, 52, 1544174672, 0, 0, 121, 3, 2, 1544137200, 0, '0', 0),
(7, 3, 52, 1544174802, 0, 0, 12, 3, 12, 1544147200, 0, '0', 0),
(8, 4, 52, 1544174854, 0, 0, 12, 5, 12, 1544167200, 0, '0', 0),
(9, 2, 52, 1544174983, 0, 1, 12, 5, 23, 1544162200, 0, '0', 0),
(10, 4, 52, 1544176462, 0, 1, 10, 6, 1, 1543816600, 0, '0', 0),
(11, 3, 52, 1544181707, 0, 1, 123, 1, 12, 1541570200, 0, '0', 0),
(13, 2, 52, 1544186502, 0, 1, 20, 5, 13, 1536209800, 0, '0', 0),
(14, 1, 52, 1544189191, 0, 1, 20, 7, 10, 1541051800, 0, '0', 0),
(15, 1, 52, 1544189210, 0, 1, 12, 4, 11, 1543816600, 0, '0', 0),
(16, 1, 52, 1544189238, 0, 1, 6, 3, 6, 1543643800, 0, '0', 0),
(17, 2, 52, 1544535023, 0, 1, 111, 4, 3, 1544507800, 0, '0', 0),
(18, 4, 52, 1544535073, 0, 1, 10, 6, 5, 1544507800, 0, '0', 0),
(19, 1, 52, 1544636961, 0, 0, 100, 2, 3, 1544587000, 0, '12', 0),
(20, 1, 52, 1544637033, 0, 0, 100, 4, 2, 1544587000, 0, '12', 0),
(21, 2, 114, 1544637126, 1544713921, 1, 10, 4, 1, 1544587000, 0, '12', 0),
(22, 2, 52, 1544764750, 0, 0, 10, 2, 6, 1544759800, 0, 'aaawww', 0),
(23, 2, 52, 1544764764, 0, 0, 10, 2, 6, 1544759800, 0, 'aaawww', 0),
(24, 2, 52, 1544764833, 0, 0, 10, 2, 6, 1544759800, 0, 'aaawww', 0),
(25, 2, 52, 1544770626, 0, 0, 10, 2, 6, 1544759800, 0, 'aaawww', 0),
(26, 2, 52, 1544770743, 0, 0, 10, 2, 6, 1544759800, 0, 'aaawww', 0),
(27, 2, 52, 1544771336, 0, 0, 10, 2, 6, 1544759800, 0, 'aaawww', 0),
(28, 2, 52, 1544772362, 0, 0, 10, 2, 6, 1544759800, 0, 'aaawww', 0),
(29, 3, 140, 1545643401, 1545643694, 1, 100, 4, 8, 1545623800, 0, 'b_nomer11', 0),
(30, 3, 140, 1545648544, 1545648563, 1, 100, 4, 8, 1545623800, 0, 'bn1', 0),
(31, 3, 140, 1546598834, 1546598930, 1, 100, 12, 9, 1546574200, 50, 'arrival 01.04.2019 vil num', 0),
(32, 2, 52, 1546812812, 0, 0, 2000, 12, 9, 1546833400, 0, '345345', 0),
(33, 3, 140, 1546864905, 1546867712, 1, 300, 12, 9, 1546833400, 200, '12345', 0),
(34, 2, 52, 1546865148, 0, 0, 3000, 11, 10, 1546833400, 0, '12345', 0),
(35, 3, 140, 1546871843, 1546871880, 1, 3000, 11, 10, 1546833400, 1000, '12qwe23', 0),
(36, 3, 140, 1547278575, 1547278690, 1, 100000, 11, 11, 1547276200, 50000, 'Yangi prixod vil num', 0);

--
-- Индексы сохранённых таблиц
--

--
-- Индексы таблицы `message`
--
ALTER TABLE `message`
  ADD PRIMARY KEY (`id`,`language`);

--
-- Индексы таблицы `next_comment`
--
ALTER TABLE `next_comment`
  ADD PRIMARY KEY (`id`);

--
-- Индексы таблицы `sed_personal`
--
ALTER TABLE `sed_personal`
  ADD PRIMARY KEY (`per_id`);

--
-- Индексы таблицы `source_message`
--
ALTER TABLE `source_message`
  ADD PRIMARY KEY (`id`);

--
-- Индексы таблицы `uni_account`
--
ALTER TABLE `uni_account`
  ADD PRIMARY KEY (`id`);

--
-- Индексы таблицы `uni_configuration`
--
ALTER TABLE `uni_configuration`
  ADD PRIMARY KEY (`id`),
  ADD UNIQUE KEY `name` (`name`);

--
-- Индексы таблицы `uni_country`
--
ALTER TABLE `uni_country`
  ADD PRIMARY KEY (`id`);

--
-- Индексы таблицы `uni_drug_category`
--
ALTER TABLE `uni_drug_category`
  ADD PRIMARY KEY (`id`);

--
-- Индексы таблицы `uni_drug_turi`
--
ALTER TABLE `uni_drug_turi`
  ADD PRIMARY KEY (`id`);

--
-- Индексы таблицы `uni_groups`
--
ALTER TABLE `uni_groups`
  ADD PRIMARY KEY (`id`);

--
-- Индексы таблицы `uni_groups_modules`
--
ALTER TABLE `uni_groups_modules`
  ADD KEY `module_id` (`module_id`),
  ADD KEY `group_id` (`group_id`);

--
-- Индексы таблицы `uni_groups_users`
--
ALTER TABLE `uni_groups_users`
  ADD KEY `role_id` (`group_id`),
  ADD KEY `user_id` (`user_id`);

--
-- Индексы таблицы `uni_lang`
--
ALTER TABLE `uni_lang`
  ADD PRIMARY KEY (`id`);

--
-- Индексы таблицы `uni_modules`
--
ALTER TABLE `uni_modules`
  ADD PRIMARY KEY (`id`),
  ADD UNIQUE KEY `code` (`code`);

--
-- Индексы таблицы `uni_notification`
--
ALTER TABLE `uni_notification`
  ADD PRIMARY KEY (`id`);

--
-- Индексы таблицы `uni_tuman`
--
ALTER TABLE `uni_tuman`
  ADD PRIMARY KEY (`id`);

--
-- Индексы таблицы `uni_uchastka`
--
ALTER TABLE `uni_uchastka`
  ADD PRIMARY KEY (`id`);

--
-- Индексы таблицы `uni_user_info`
--
ALTER TABLE `uni_user_info`
  ADD PRIMARY KEY (`id`);

--
-- Индексы таблицы `uni_user_password`
--
ALTER TABLE `uni_user_password`
  ADD PRIMARY KEY (`id`);

--
-- Индексы таблицы `uni_user_security`
--
ALTER TABLE `uni_user_security`
  ADD PRIMARY KEY (`id`),
  ADD UNIQUE KEY `mac_adres` (`mac_adres`);

--
-- Индексы таблицы `uni_viloyat`
--
ALTER TABLE `uni_viloyat`
  ADD PRIMARY KEY (`id`),
  ADD UNIQUE KEY `viloyat_nomi` (`name_uz`);

--
-- Индексы таблицы `vk_ban`
--
ALTER TABLE `vk_ban`
  ADD PRIMARY KEY (`id`);

--
-- Индексы таблицы `vk_contravention`
--
ALTER TABLE `vk_contravention`
  ADD PRIMARY KEY (`id`);

--
-- Индексы таблицы `vk_diagnoz_perform`
--
ALTER TABLE `vk_diagnoz_perform`
  ADD PRIMARY KEY (`id`);

--
-- Индексы таблицы `vk_diagnoz_xulosa`
--
ALTER TABLE `vk_diagnoz_xulosa`
  ADD PRIMARY KEY (`id`);

--
-- Индексы таблицы `vk_hayvon`
--
ALTER TABLE `vk_hayvon`
  ADD PRIMARY KEY (`id`);

--
-- Индексы таблицы `vk_hayvon_egasi`
--
ALTER TABLE `vk_hayvon_egasi`
  ADD PRIMARY KEY (`id`);

--
-- Индексы таблицы `vk_hayvon_rangi`
--
ALTER TABLE `vk_hayvon_rangi`
  ADD PRIMARY KEY (`id`);

--
-- Индексы таблицы `vk_hayvon_turi`
--
ALTER TABLE `vk_hayvon_turi`
  ADD PRIMARY KEY (`id`);

--
-- Индексы таблицы `vk_hudud_uchastka`
--
ALTER TABLE `vk_hudud_uchastka`
  ADD PRIMARY KEY (`id`);

--
-- Индексы таблицы `vk_kasal`
--
ALTER TABLE `vk_kasal`
  ADD PRIMARY KEY (`id`);

--
-- Индексы таблицы `vk_kasal_turi`
--
ALTER TABLE `vk_kasal_turi`
  ADD PRIMARY KEY (`id`);

--
-- Индексы таблицы `vk_proxod`
--
ALTER TABLE `vk_proxod`
  ADD PRIMARY KEY (`id`);

--
-- Индексы таблицы `vk_reestr`
--
ALTER TABLE `vk_reestr`
  ADD PRIMARY KEY (`id`);

--
-- Индексы таблицы `vk_tuman`
--
ALTER TABLE `vk_tuman`
  ADD PRIMARY KEY (`id`);

--
-- Индексы таблицы `vk_typeactivity`
--
ALTER TABLE `vk_typeactivity`
  ADD PRIMARY KEY (`id`);

--
-- Индексы таблицы `vk_uchastka`
--
ALTER TABLE `vk_uchastka`
  ADD PRIMARY KEY (`id`);

--
-- Индексы таблицы `vk_uchastka_user`
--
ALTER TABLE `vk_uchastka_user`
  ADD PRIMARY KEY (`id`);

--
-- Индексы таблицы `vk_unit`
--
ALTER TABLE `vk_unit`
  ADD PRIMARY KEY (`id`);

--
-- Индексы таблицы `vk_unit_measure`
--
ALTER TABLE `vk_unit_measure`
  ADD PRIMARY KEY (`id`);

--
-- Индексы таблицы `vk_vaksinatsiya`
--
ALTER TABLE `vk_vaksinatsiya`
  ADD PRIMARY KEY (`id`);

--
-- Индексы таблицы `vk_vaksina_animal`
--
ALTER TABLE `vk_vaksina_animal`
  ADD PRIMARY KEY (`id`);

--
-- Индексы таблицы `vk_vaksina_perform`
--
ALTER TABLE `vk_vaksina_perform`
  ADD PRIMARY KEY (`id`);

--
-- Индексы таблицы `vk_vaksina_turi`
--
ALTER TABLE `vk_vaksina_turi`
  ADD PRIMARY KEY (`id`);

--
-- Индексы таблицы `vk_viloyat`
--
ALTER TABLE `vk_viloyat`
  ADD PRIMARY KEY (`id`);

--
-- AUTO_INCREMENT для сохранённых таблиц
--

--
-- AUTO_INCREMENT для таблицы `next_comment`
--
ALTER TABLE `next_comment`
  MODIFY `id` int(11) NOT NULL AUTO_INCREMENT, AUTO_INCREMENT=7;

--
-- AUTO_INCREMENT для таблицы `sed_personal`
--
ALTER TABLE `sed_personal`
  MODIFY `per_id` int(11) NOT NULL AUTO_INCREMENT, AUTO_INCREMENT=390;

--
-- AUTO_INCREMENT для таблицы `source_message`
--
ALTER TABLE `source_message`
  MODIFY `id` int(11) NOT NULL AUTO_INCREMENT, AUTO_INCREMENT=421;

--
-- AUTO_INCREMENT для таблицы `uni_account`
--
ALTER TABLE `uni_account`
  MODIFY `id` int(11) NOT NULL AUTO_INCREMENT;

--
-- AUTO_INCREMENT для таблицы `uni_configuration`
--
ALTER TABLE `uni_configuration`
  MODIFY `id` int(11) NOT NULL AUTO_INCREMENT, AUTO_INCREMENT=3;

--
-- AUTO_INCREMENT для таблицы `uni_country`
--
ALTER TABLE `uni_country`
  MODIFY `id` int(11) NOT NULL AUTO_INCREMENT, AUTO_INCREMENT=250;

--
-- AUTO_INCREMENT для таблицы `uni_drug_category`
--
ALTER TABLE `uni_drug_category`
  MODIFY `id` int(11) NOT NULL AUTO_INCREMENT;

--
-- AUTO_INCREMENT для таблицы `uni_drug_turi`
--
ALTER TABLE `uni_drug_turi`
  MODIFY `id` int(11) NOT NULL AUTO_INCREMENT, AUTO_INCREMENT=4;

--
-- AUTO_INCREMENT для таблицы `uni_groups`
--
ALTER TABLE `uni_groups`
  MODIFY `id` int(11) NOT NULL AUTO_INCREMENT, AUTO_INCREMENT=31;

--
-- AUTO_INCREMENT для таблицы `uni_lang`
--
ALTER TABLE `uni_lang`
  MODIFY `id` int(11) UNSIGNED NOT NULL AUTO_INCREMENT, AUTO_INCREMENT=4;

--
-- AUTO_INCREMENT для таблицы `uni_modules`
--
ALTER TABLE `uni_modules`
  MODIFY `id` int(11) NOT NULL AUTO_INCREMENT, AUTO_INCREMENT=16;

--
-- AUTO_INCREMENT для таблицы `uni_notification`
--
ALTER TABLE `uni_notification`
  MODIFY `id` int(11) NOT NULL AUTO_INCREMENT, AUTO_INCREMENT=24;

--
-- AUTO_INCREMENT для таблицы `uni_uchastka`
--
ALTER TABLE `uni_uchastka`
  MODIFY `id` int(11) NOT NULL AUTO_INCREMENT, AUTO_INCREMENT=7;

--
-- AUTO_INCREMENT для таблицы `uni_user_info`
--
ALTER TABLE `uni_user_info`
  MODIFY `id` int(11) NOT NULL AUTO_INCREMENT;

--
-- AUTO_INCREMENT для таблицы `uni_user_security`
--
ALTER TABLE `uni_user_security`
  MODIFY `id` int(110) NOT NULL AUTO_INCREMENT, AUTO_INCREMENT=160;

--
-- AUTO_INCREMENT для таблицы `uni_viloyat`
--
ALTER TABLE `uni_viloyat`
  MODIFY `id` int(11) NOT NULL AUTO_INCREMENT, AUTO_INCREMENT=15;

--
-- AUTO_INCREMENT для таблицы `vk_ban`
--
ALTER TABLE `vk_ban`
  MODIFY `id` int(11) NOT NULL AUTO_INCREMENT, AUTO_INCREMENT=21;

--
-- AUTO_INCREMENT для таблицы `vk_contravention`
--
ALTER TABLE `vk_contravention`
  MODIFY `id` int(11) NOT NULL AUTO_INCREMENT, AUTO_INCREMENT=24;

--
-- AUTO_INCREMENT для таблицы `vk_diagnoz_perform`
--
ALTER TABLE `vk_diagnoz_perform`
  MODIFY `id` int(11) NOT NULL AUTO_INCREMENT, AUTO_INCREMENT=50;

--
-- AUTO_INCREMENT для таблицы `vk_diagnoz_xulosa`
--
ALTER TABLE `vk_diagnoz_xulosa`
  MODIFY `id` int(11) NOT NULL AUTO_INCREMENT, AUTO_INCREMENT=10;

--
-- AUTO_INCREMENT для таблицы `vk_hayvon`
--
ALTER TABLE `vk_hayvon`
  MODIFY `id` int(11) NOT NULL AUTO_INCREMENT, AUTO_INCREMENT=13;

--
-- AUTO_INCREMENT для таблицы `vk_hayvon_egasi`
--
ALTER TABLE `vk_hayvon_egasi`
  MODIFY `id` int(11) NOT NULL AUTO_INCREMENT, AUTO_INCREMENT=4;

--
-- AUTO_INCREMENT для таблицы `vk_hayvon_rangi`
--
ALTER TABLE `vk_hayvon_rangi`
  MODIFY `id` int(11) NOT NULL AUTO_INCREMENT, AUTO_INCREMENT=5;

--
-- AUTO_INCREMENT для таблицы `vk_hayvon_turi`
--
ALTER TABLE `vk_hayvon_turi`
  MODIFY `id` int(11) NOT NULL AUTO_INCREMENT, AUTO_INCREMENT=8;

--
-- AUTO_INCREMENT для таблицы `vk_hudud_uchastka`
--
ALTER TABLE `vk_hudud_uchastka`
  MODIFY `id` int(11) NOT NULL AUTO_INCREMENT, AUTO_INCREMENT=45;

--
-- AUTO_INCREMENT для таблицы `vk_kasal`
--
ALTER TABLE `vk_kasal`
  MODIFY `id` int(11) NOT NULL AUTO_INCREMENT, AUTO_INCREMENT=4;

--
-- AUTO_INCREMENT для таблицы `vk_kasal_turi`
--
ALTER TABLE `vk_kasal_turi`
  MODIFY `id` int(11) NOT NULL AUTO_INCREMENT, AUTO_INCREMENT=13;

--
-- AUTO_INCREMENT для таблицы `vk_proxod`
--
ALTER TABLE `vk_proxod`
  MODIFY `id` int(11) NOT NULL AUTO_INCREMENT, AUTO_INCREMENT=13;

--
-- AUTO_INCREMENT для таблицы `vk_reestr`
--
ALTER TABLE `vk_reestr`
  MODIFY `id` int(11) NOT NULL AUTO_INCREMENT, AUTO_INCREMENT=6;

--
-- AUTO_INCREMENT для таблицы `vk_tuman`
--
ALTER TABLE `vk_tuman`
  MODIFY `id` int(11) NOT NULL AUTO_INCREMENT, AUTO_INCREMENT=9;

--
-- AUTO_INCREMENT для таблицы `vk_typeactivity`
--
ALTER TABLE `vk_typeactivity`
  MODIFY `id` int(11) NOT NULL AUTO_INCREMENT, AUTO_INCREMENT=4;

--
-- AUTO_INCREMENT для таблицы `vk_uchastka`
--
ALTER TABLE `vk_uchastka`
  MODIFY `id` int(11) NOT NULL AUTO_INCREMENT, AUTO_INCREMENT=10;

--
-- AUTO_INCREMENT для таблицы `vk_uchastka_user`
--
ALTER TABLE `vk_uchastka_user`
  MODIFY `id` int(11) NOT NULL AUTO_INCREMENT;

--
-- AUTO_INCREMENT для таблицы `vk_unit`
--
ALTER TABLE `vk_unit`
  MODIFY `id` int(11) NOT NULL AUTO_INCREMENT, AUTO_INCREMENT=5;

--
-- AUTO_INCREMENT для таблицы `vk_unit_measure`
--
ALTER TABLE `vk_unit_measure`
  MODIFY `id` int(11) NOT NULL AUTO_INCREMENT, AUTO_INCREMENT=4;

--
-- AUTO_INCREMENT для таблицы `vk_vaksinatsiya`
--
ALTER TABLE `vk_vaksinatsiya`
  MODIFY `id` int(11) NOT NULL AUTO_INCREMENT, AUTO_INCREMENT=13;

--
-- AUTO_INCREMENT для таблицы `vk_vaksina_animal`
--
ALTER TABLE `vk_vaksina_animal`
  MODIFY `id` int(11) NOT NULL AUTO_INCREMENT, AUTO_INCREMENT=4;

--
-- AUTO_INCREMENT для таблицы `vk_vaksina_perform`
--
ALTER TABLE `vk_vaksina_perform`
  MODIFY `id` int(11) NOT NULL AUTO_INCREMENT, AUTO_INCREMENT=25;

--
-- AUTO_INCREMENT для таблицы `vk_vaksina_turi`
--
ALTER TABLE `vk_vaksina_turi`
  MODIFY `id` int(11) NOT NULL AUTO_INCREMENT, AUTO_INCREMENT=20;

--
-- AUTO_INCREMENT для таблицы `vk_viloyat`
--
ALTER TABLE `vk_viloyat`
  MODIFY `id` int(11) NOT NULL AUTO_INCREMENT, AUTO_INCREMENT=37;
COMMIT;

/*!40101 SET CHARACTER_SET_CLIENT=@OLD_CHARACTER_SET_CLIENT */;
/*!40101 SET CHARACTER_SET_RESULTS=@OLD_CHARACTER_SET_RESULTS */;
/*!40101 SET COLLATION_CONNECTION=@OLD_COLLATION_CONNECTION */;
